section_id,section_title,type,source,raw_text,checkpoint_draft
2.3.P.1,剂型及产品组成,semantic,focus_point,1 在处方组成列表中列出各成分的用量，包括辅料的内加/外加用量、pH 值调 节剂用量（如适用）等。如投料涉及折干折纯，在处方下备注计算方法。惰性保 护气体无需列入处方，在处方下备注说明。对于包衣产品，在处方中列出素片和 包衣片的片重，在处方下备注说明包衣材料的成分信息。,是否1 在处方组成列表中列出各成分的用量，包括辅料的内加/外加用量、pH 值调 节剂用量（如适用）等。如投料涉及折干折纯，在处方下备注计算方法。惰性保 护气体无需列入处方，在处方下备注说明。对于包衣产品，在处方中列出素片和 包衣片的片重，在处方下备注说明包衣材料的成分信息？
2.3.P.1,剂型及产品组成,table,real_table,"表格列: ['成分', '规格1', '规格2', '……', '过量\n加入', '作用', '执行标准']","是否提供剂型及产品组成相关的结构化表格，且包含列：‘成分’、‘规格1’、‘规格2’、‘……’、‘过量
加入’？"
2.3.P.2.1.1,原料药,semantic,focus_point,2 关注原料药相关特性对制剂性能和生产工艺的潜在影响。如原料药的粒度和 粒度分布、晶型、平衡溶解度可能与制剂溶出行为、稳定性有关；原料药粉体学 性能可能与制剂生产过程中的混合均匀度、成品的含量均匀度有关。 结合原料药制备工艺和注册标准、制剂质控要求，合理制定原料药内控标准 的项目和限度。如结合制剂最大日剂量制定有关物质限度；用于注射途径的原料 药，内控标准中应包括微生物限度、细菌内毒素等检查项。 （3）原辅料相容性 简述原料药和辅料的相容性试验情况，包括试验样品制备方法、考察条件、 考察指标、试验结果、试验结论等。对于复方制剂，说明各原料药之间的相容性 研究结果。 结合原辅料相容性试验结果合理选择处方辅料和制剂工艺，如原料药化学结 构中含有伯胺基的产品，关注原料药与辅料中可能存在的还原糖的相互作用。 结合原辅料相容性试验结果合理选择处方辅料和制剂工艺，如原料药化学结 构中含有伯胺基的产品，关注原料药与辅料中可能存在的还原糖的相互作用。,是否2 关注原料药相关特性对制剂性能和生产工艺的潜在影响。如原料药的粒度和 粒度分布、晶型、平衡溶解度可能与制剂溶出行为、稳定性有关；原料药粉体学 性能可能与制剂生产过程中的混合均匀度、成品的含量均匀度有关。 结合原料药制备工艺和注册标准、制剂质控要求，合理制定原料药内控标准 的项目和限度。如结合制剂最大日剂量制定有关物质限度；用于注射途径的原料 药，内控标准中应包括微生物限度、细菌内毒素等检查项。 （3）原辅料相容性 简述原料药和辅料的相容性试验情况，包括试验样品制备方法、考察条件、 考察指标、试验结果、试验结论等。对于复方制剂，说明各原料药之间的相容性 研究结果。 结合原辅料相容性试验结果合理选择处方辅料和制剂工艺，如原料药化学结 构中含有伯胺基的产品，关注原料药与辅料中可能存在的还原糖的相互作用。 结合原辅料相容性试验结果合理选择处方辅料和制剂工艺，如原料药化学结 构中含有伯胺基的产品，关注原料药与辅料中可能存在的还原糖的相互作用？
2.3.P.2.1.1,原料药,table,real_table,"表格列: ['名称', '生产企业', '执行标准', '登记号及登记状态']",是否提供原料药相关的结构化表格，且包含列：‘名称’、‘生产企业’、‘执行标准’、‘登记号及登记状态’？
2.3.P.2.1.1,原料药,table,real_table,"表格列: ['项目', '内控标准', '药典标准', '……', '其他标准（如原\n料药注册标准）']","是否提供原料药相关的结构化表格，且包含列：‘项目’、‘内控标准’、‘药典标准’、‘……’、‘其他标准（如原
料药注册标准）’？"
2.3.P.2.1.1,原料药,table,real_table,"表格列: ['项目', '内控标准限度', '批号××', '批号××', '……']",是否提供原料药相关的结构化表格，且包含列：‘项目’、‘内控标准限度’、‘批号××’、‘批号××’、‘……’？
2.3.P.2.1.2,辅料,semantic,focus_point,结合原辅料相容性试验结果合理选择处方辅料和制剂工艺，如原料药化学结 构中含有伯胺基的产品，关注原料药与辅料中可能存在的还原糖的相互作用。,是否结合原辅料相容性试验结果合理选择处方辅料和制剂工艺，如原料药化学结 构中含有伯胺基的产品，关注原料药与辅料中可能存在的还原糖的相互作用？
2.3.P.2.2.1,处方开发过程,semantic,focus_point,通过调研参比制剂的公开信息、处方解析等确定目标产品质量概况，必要时 采用反向工程解析参比制剂的处方用量。可参照 ICH Q8 进行制剂处方开发，充 分评估原辅料关键质量属性、辅料种类和用量等与制剂关键质量属性的关系，考 察对制剂产品性能和质量起关键作用的处方因素，并且结合小试、中试放大、工 艺验证等研究合理确定制剂处方。 对于儿童用药，参照《儿童用药（化学药品）药学开发指导原则（试行）》 等指导原则进行产品开发。 对于特殊制剂，参照相应的指导原则进行产品开发，如《脂质体药物质量控 制研究技术指导原则》、《纳米药物质量控制研究技术指导原则（试行）》、《化 学药品吸入液体制剂药学研究技术要求》等。,是否通过调研参比制剂的公开信息、处方解析等确定目标产品质量概况，必要时 采用反向工程解析参比制剂的处方用量。可参照 ICH Q8 进行制剂处方开发，充 分评估原辅料关键质量属性、辅料种类和用量等与制剂关键质量属性的关系，考 察对制剂产品性能和质量起关键作用的处方因素，并且结合小试、中试放大、工 艺验证等研究合理确定制剂处方。 对于儿童用药，参照《儿童用药（化学药品）药学开发指导原则（试行）》 等指导原则进行产品开发。 对于特殊制剂，参照相应的指导原则进行产品开发，如《脂质体药物质量控 制研究技术指导原则》、《纳米药物质量控制研究技术指导原则（试行）》、《化 学药品吸入液体制剂药学研究技术要求》等？
2.3.P.2.2.2,过量投料,semantic,focus_point,通过调研参比制剂的公开信息、处方解析等确定目标产品质量概况，必要时 采用反向工程解析参比制剂的处方用量。可参照 ICH Q8 进行制剂处方开发，充 分评估原辅料关键质量属性、辅料种类和用量等与制剂关键质量属性的关系，考 察对制剂产品性能和质量起关键作用的处方因素，并且结合小试、中试放大、工 艺验证等研究合理确定制剂处方。 对于儿童用药，参照《儿童用药（化学药品）药学开发指导原则（试行）》 等指导原则进行产品开发。 对于特殊制剂，参照相应的指导原则进行产品开发，如《脂质体药物质量控 制研究技术指导原则》、《纳米药物质量控制研究技术指导原则（试行）》、《化 学药品吸入液体制剂药学研究技术要求》等。,是否通过调研参比制剂的公开信息、处方解析等确定目标产品质量概况，必要时 采用反向工程解析参比制剂的处方用量。可参照 ICH Q8 进行制剂处方开发，充 分评估原辅料关键质量属性、辅料种类和用量等与制剂关键质量属性的关系，考 察对制剂产品性能和质量起关键作用的处方因素，并且结合小试、中试放大、工 艺验证等研究合理确定制剂处方。 对于儿童用药，参照《儿童用药（化学药品）药学开发指导原则（试行）》 等指导原则进行产品开发。 对于特殊制剂，参照相应的指导原则进行产品开发，如《脂质体药物质量控 制研究技术指导原则》、《纳米药物质量控制研究技术指导原则（试行）》、《化 学药品吸入液体制剂药学研究技术要求》等？
2.3.P.2.2.3,制剂相关特性,semantic,focus_point,根据制剂产品特性和相关指导原则，考察与制剂产品相关的关键质量属性， 并与参比制剂进行对比，自研样品的质量应与参比制剂一致。 对于口服固体制剂，参照相关指导原则要求开展自研样品和参比制剂在至少 5 3种pH介质中的溶出曲线比较研究，提供溶出数据和溶出曲线图。应提供多批参 比制剂样品的数据；关注自研样品和参比制剂溶出行为的批内和批间均一性；溶 出曲线相似性判定应符合《普通口服固体制剂溶出度试验技术指导原则》、《普 通口服固体制剂溶出曲线测定与比较指导原则》等指导原则相关要求。,是否根据制剂产品特性和相关指导原则，考察与制剂产品相关的关键质量属性， 并与参比制剂进行对比，自研样品的质量应与参比制剂一致。 对于口服固体制剂，参照相关指导原则要求开展自研样品和参比制剂在至少 5 3种pH介质中的溶出曲线比较研究，提供溶出数据和溶出曲线图。应提供多批参 比制剂样品的数据；关注自研样品和参比制剂溶出行为的批内和批间均一性；溶 出曲线相似性判定应符合《普通口服固体制剂溶出度试验技术指导原则》、《普 通口服固体制剂溶出曲线测定与比较指导原则》等指导原则相关要求？
2.3.P.2.2.3,制剂相关特性,table,real_table,"表格列: ['中试处方', '临床试验批/生物\n等效性试验批用处\n方（如适用）', '工艺验证处方', '拟定商业生产\n处方', '主要变化\n及原因', '支持\n依据']","是否提供制剂相关特性相关的结构化表格，且包含列：‘中试处方’、‘临床试验批/生物
等效性试验批用处
方（如适用）’、‘工艺验证处方’、‘拟定商业生产
处方’、‘主要变化
及原因’？"
2.3.P.2.2.3,制剂相关特性,table,real_table,"表格列: ['溶出\n介质', '取样时间\n（分钟）', '溶出度']","是否提供制剂相关特性相关的结构化表格，且包含列：‘溶出
介质’、‘取样时间
（分钟）’、‘溶出度’？"
2.3.P.2.3,生产工艺的开发,semantic,focus_point,可参照ICH Q8进行制剂工艺开发，结合制剂的剂型、处方特征和已有知识 （如参比制剂公开信息等）选择制剂工艺，评估各工艺步骤及参数与制剂关键质 量属性之间的关系，研究确定影响产品关键质量属性的关键工艺步骤及工艺参数， 建立相应的控制措施；充分评估工艺放大过程中参数调整的合理性，结合生产工 艺验证，进一步论证过程控制措施、关键工艺步骤及工艺参数拟定的合理性和申 报工艺的可重现性。 参比制剂如存在过量灌装，自研样品的过量灌装宜与参比制剂保持一致，如 不一致提供合理性论证。 对于注射剂，根据溶液的特点和生产工艺，参照《化学药品注射剂生产所用 的塑料组件系统相容性研究技术指南（试行）》等指导原则进行与硅胶管等直接 接触药液的生产组件的相容性研究。,是否可参照ICH Q8进行制剂工艺开发，结合制剂的剂型、处方特征和已有知识 （如参比制剂公开信息等）选择制剂工艺，评估各工艺步骤及参数与制剂关键质 量属性之间的关系，研究确定影响产品关键质量属性的关键工艺步骤及工艺参数， 建立相应的控制措施；充分评估工艺放大过程中参数调整的合理性，结合生产工 艺验证，进一步论证过程控制措施、关键工艺步骤及工艺参数拟定的合理性和申 报工艺的可重现性。 参比制剂如存在过量灌装，自研样品的过量灌装宜与参比制剂保持一致，如 不一致提供合理性论证。 对于注射剂，根据溶液的特点和生产工艺，参照《化学药品注射剂生产所用 的塑料组件系统相容性研究技术指南（试行）》等指导原则进行与硅胶管等直接 接触药液的生产组件的相容性研究？
2.3.P.2.3,生产工艺的开发,table,real_table,"表格列: ['项目', '中试工艺', '临床试验批/生物等\n效性试验批用工艺\n（如适用）', '工艺验证\n工艺', '拟定商业\n生产工艺', '主要变化\n及原因', '支持\n依据']","是否提供生产工艺的开发相关的结构化表格，且包含列：‘项目’、‘中试工艺’、‘临床试验批/生物等
效性试验批用工艺
（如适用）’、‘工艺验证
工艺’、‘拟定商业
生产工艺’？"
2.3.P.2.4,包装系统,semantic,focus_point,8 依据参比制剂的包材，结合拟开发产品的特性和临床使用情况，选择能够保 证药品质量的包材。根据加速试验和长期试验研究结果确定所采用的包材的合理 性，以保证药品质量与参比制剂一致。 对于注射剂，参考《化学药品注射剂与药用玻璃包装容器相容性研究技术指 导原则（试行）》、《化学药品与弹性体密封件相容性研究技术指导原则（试行）》、 《化学药品注射剂与塑料包装材料相容性研究技术指导原则（试行）》等指导原 则考察包材与制剂的相容性，依据相容性研究结果评估所选包材的适用性。,是否8 依据参比制剂的包材，结合拟开发产品的特性和临床使用情况，选择能够保 证药品质量的包材。根据加速试验和长期试验研究结果确定所采用的包材的合理 性，以保证药品质量与参比制剂一致。 对于注射剂，参考《化学药品注射剂与药用玻璃包装容器相容性研究技术指 导原则（试行）》、《化学药品与弹性体密封件相容性研究技术指导原则（试行）》、 《化学药品注射剂与塑料包装材料相容性研究技术指导原则（试行）》等指导原 则考察包材与制剂的相容性，依据相容性研究结果评估所选包材的适用性？
2.3.P.2.4,包装系统,table,real_table,"表格列: ['组件\n名称', '牌号/\n型号', '生产商', '材质', '使用前处\n理方式', '使用\n步骤', '与制剂接触方式及\n接触条件（温度/时\n间/面积等 ）', '与制剂相容\n性风险评估\n结论']","是否提供包装系统相关的结构化表格，且包含列：‘组件
名称’、‘牌号/
型号’、‘生产商’、‘材质’、‘使用前处
理方式’？"
2.3.P.2.4,包装系统,table,real_table,"表格列: ['名称', '规格', '生产商', '执行标准', '登记号及登记状态']",是否提供包装系统相关的结构化表格，且包含列：‘名称’、‘规格’、‘生产商’、‘执行标准’、‘登记号及登记状态’？
2.3.P.2.4,包装系统,table,real_table,"表格列: ['相关物质名称', '实际\n检出量', '实际每日\n最大摄入量', '在制剂给药途径下\n的安全暴露量', '安全性依据\n及来源']","是否提供包装系统相关的结构化表格，且包含列：‘相关物质名称’、‘实际
检出量’、‘实际每日
最大摄入量’、‘在制剂给药途径下
的安全暴露量’、‘安全性依据
及来源’？"
2.3.P.2.5,微生物属性,semantic,focus_point,对于注射剂，按照《化学药品注射剂包装系统密封性研究技术指南（试行）》 等指导原则开展包装系统密封性研究。密封性检查方法优选能检测出产品最大允 许泄漏限度的确定性方法，并对方法的灵敏度等进行验证。如方法灵敏度无法达 到产品最大允许泄漏限度水平或产品最大允许泄漏限度不明确，建议至少采用两 种方法（其中一种推荐微生物挑战法）进行密封性研究，对两种方法的灵敏度进 行比较研究。拟定生产阶段的密封性检查应采用经过验证的测试方法。,是否对于注射剂，按照《化学药品注射剂包装系统密封性研究技术指南（试行）》 等指导原则开展包装系统密封性研究。密封性检查方法优选能检测出产品最大允 许泄漏限度的确定性方法，并对方法的灵敏度等进行验证。如方法灵敏度无法达 到产品最大允许泄漏限度水平或产品最大允许泄漏限度不明确，建议至少采用两 种方法（其中一种推荐微生物挑战法）进行密封性研究，对两种方法的灵敏度进 行比较研究。拟定生产阶段的密封性检查应采用经过验证的测试方法？
2.3.P.2.6,相容性,semantic,focus_point,对于注射剂，按照《化学药品注射剂包装系统密封性研究技术指南（试行）》 等指导原则开展包装系统密封性研究。密封性检查方法优选能检测出产品最大允 许泄漏限度的确定性方法，并对方法的灵敏度等进行验证。如方法灵敏度无法达 到产品最大允许泄漏限度水平或产品最大允许泄漏限度不明确，建议至少采用两 种方法（其中一种推荐微生物挑战法）进行密封性研究，对两种方法的灵敏度进 行比较研究。拟定生产阶段的密封性检查应采用经过验证的测试方法。 结合参比制剂说明书提示信息及产品特性，参考相关技术要求开展制剂与给 药装置的相容性研究。 如，对于吸入液体制剂，重点关注给药装置对产品的吸附情况；对于含有机 溶剂、表面活性剂的液体制剂，关注给药装置中增塑剂等的浸出情况。,是否对于注射剂，按照《化学药品注射剂包装系统密封性研究技术指南（试行）》 等指导原则开展包装系统密封性研究。密封性检查方法优选能检测出产品最大允 许泄漏限度的确定性方法，并对方法的灵敏度等进行验证。如方法灵敏度无法达 到产品最大允许泄漏限度水平或产品最大允许泄漏限度不明确，建议至少采用两 种方法（其中一种推荐微生物挑战法）进行密封性研究，对两种方法的灵敏度进 行比较研究。拟定生产阶段的密封性检查应采用经过验证的测试方法。 结合参比制剂说明书提示信息及产品特性，参考相关技术要求开展制剂与给 药装置的相容性研究。 如，对于吸入液体制剂，重点关注给药装置对产品的吸附情况；对于含有机 溶剂、表面活性剂的液体制剂，关注给药装置中增塑剂等的浸出情况？
2.3.P.2.6,相容性,table,real_table,"表格列: ['样品', '给药\n方式', '配伍\n溶剂', '配制方法及\n配伍浓度', '放置条件（放置\n温度；放置容\n器；放置时间）', '考察\n指标', '考察结果']","是否提供相容性相关的结构化表格，且包含列：‘样品’、‘给药
方式’、‘配伍
溶剂’、‘配制方法及
配伍浓度’、‘放置条件（放置
温度；放置容
器；放置时间）’？"
2.3.P.3.1,生产商,semantic,focus_point,结合参比制剂说明书提示信息及产品特性，参考相关技术要求开展制剂与给 药装置的相容性研究。 如，对于吸入液体制剂，重点关注给药装置对产品的吸附情况；对于含有机 溶剂、表面活性剂的液体制剂，关注给药装置中增塑剂等的浸出情况。,是否结合参比制剂说明书提示信息及产品特性，参考相关技术要求开展制剂与给 药装置的相容性研究。 如，对于吸入液体制剂，重点关注给药装置对产品的吸附情况；对于含有机 溶剂、表面活性剂的液体制剂，关注给药装置中增塑剂等的浸出情况？
2.3.P.3.2,批处方,semantic,focus_point,关注批处方中各成分用量比例与单位剂量处方的一致性。,是否关注批处方中各成分用量比例与单位剂量处方的一致性？
2.3.P.3.2,批处方,table,real_table,"表格列: ['成分', '每个制剂单位用量', '工艺验证批用量', '拟定商业生产批用量']",是否提供批处方相关的结构化表格，且包含列：‘成分’、‘每个制剂单位用量’、‘工艺验证批用量’、‘拟定商业生产批用量’？
2.3.P.3.3,生产工艺和工艺控制,semantic,focus_point,提供完整详细的拟定商业生产的工艺描述，工艺流程图中相关信息应与工艺 描述相对应，工艺流程图与工艺描述均应与《化药制剂生产工艺信息表》中相应 内容一致。 工艺描述的详略程度应能使经过培训的专业技术人员根据工艺描述可完整 地重复生产过程，并制得符合其质量标准的产品。 拟定商业生产的工艺参数、中间产品的存放条件及存放时限等均应有研究数 据予以支持。 3、主要的生产设备 列表说明实际生产线的主要生产设备的相关信息，如设备名称、型号、生产 厂、设备类型、生产能力等。 设备名称 型号 生产厂 设备类型 生产能力 …… 13 生产设备应与工艺验证用生产设备、《化药制剂生产工艺信息表》中相应内 容一致。 4、拟定商业生产批量 简述注册批、工艺验证批的批量及拟定商业生产批量。 商业生产批量的拟定应有依据，并与《化药制剂生产工艺信息表》中相应内 容一致。 注册批样品批量应符合《化学仿制药注册批生产规模的一般性要求（试行）》 相关要求。 生产设备应与工艺验证用生产设备、《化药制剂生产工艺信息表》中相应内 容一致。 4、拟定商业生产批量 简述注册批、工艺验证批的批量及拟定商业生产批量。 商业生产批量的拟定应有依据，并与《化药制剂生产工艺信息表》中相应内 容一致。 注册批样品批量应符合《化学仿制药注册批生产规模的一般性要求（试行）》 相关要求。 生产设备应与工艺验证用生产设备、《化药制剂生产工艺信息表》中相应内 容一致。 4、拟定商业生产批量 简述注册批、工艺验证批的批量及拟定商业生产批量。 商业生产批量的拟定应有依据，并与《化药制剂生产工艺信息表》中相应内 容一致。 注册批样品批量应符合《化学仿制药注册批生产规模的一般性要求（试行）》 相关要求。,是否提供完整详细的拟定商业生产的工艺描述，工艺流程图中相关信息应与工艺 描述相对应，工艺流程图与工艺描述均应与《化药制剂生产工艺信息表》中相应 内容一致。 工艺描述的详略程度应能使经过培训的专业技术人员根据工艺描述可完整 地重复生产过程，并制得符合其质量标准的产品。 拟定商业生产的工艺参数、中间产品的存放条件及存放时限等均应有研究数 据予以支持。 3、主要的生产设备 列表说明实际生产线的主要生产设备的相关信息，如设备名称、型号、生产 厂、设备类型、生产能力等。 设备名称 型号 生产厂 设备类型 生产能力 …… 13 生产设备应与工艺验证用生产设备、《化药制剂生产工艺信息表》中相应内 容一致。 4、拟定商业生产批量 简述注册批、工艺验证批的批量及拟定商业生产批量。 商业生产批量的拟定应有依据，并与《化药制剂生产工艺信息表》中相应内 容一致。 注册批样品批量应符合《化学仿制药注册批生产规模的一般性要求（试行）》 相关要求。 生产设备应与工艺验证用生产设备、《化药制剂生产工艺信息表》中相应内 容一致。 4、拟定商业生产批量 简述注册批、工艺验证批的批量及拟定商业生产批量。 商业生产批量的拟定应有依据，并与《化药制剂生产工艺信息表》中相应内 容一致。 注册批样品批量应符合《化学仿制药注册批生产规模的一般性要求（试行）》 相关要求。 生产设备应与工艺验证用生产设备、《化药制剂生产工艺信息表》中相应内 容一致。 4、拟定商业生产批量 简述注册批、工艺验证批的批量及拟定商业生产批量。 商业生产批量的拟定应有依据，并与《化药制剂生产工艺信息表》中相应内 容一致。 注册批样品批量应符合《化学仿制药注册批生产规模的一般性要求（试行）》 相关要求？
2.3.P.3.3,生产工艺和工艺控制,table,real_table,"表格列: ['设备名称', '型号', '生产厂', '设备类型', '生产能力', '……']",是否提供生产工艺和工艺控制相关的结构化表格，且包含列：‘设备名称’、‘型号’、‘生产厂’、‘设备类型’、‘生产能力’？
2.3.P.3.4,关键步骤和中间产品的控制,semantic,focus_point,生产设备应与工艺验证用生产设备、《化药制剂生产工艺信息表》中相应内 容一致。 4、拟定商业生产批量 简述注册批、工艺验证批的批量及拟定商业生产批量。 商业生产批量的拟定应有依据，并与《化药制剂生产工艺信息表》中相应内 容一致。 注册批样品批量应符合《化学仿制药注册批生产规模的一般性要求（试行）》 相关要求。,是否生产设备应与工艺验证用生产设备、《化药制剂生产工艺信息表》中相应内 容一致。 4、拟定商业生产批量 简述注册批、工艺验证批的批量及拟定商业生产批量。 商业生产批量的拟定应有依据，并与《化药制剂生产工艺信息表》中相应内 容一致。 注册批样品批量应符合《化学仿制药注册批生产规模的一般性要求（试行）》 相关要求？
2.3.P.3.5,工艺验证,semantic,focus_point,生产工艺验证中注意验证关键工艺步骤及工艺参数，证明生产工艺在设定的 参数范围内运行时，能够持续稳定地生产出符合预定质量标准及质量属性的产品。 2、灭菌/无菌工艺验证 15 阐述制剂的灭菌/无菌工艺验证情况，包括验证时间、地点（具体至厂房/车 间、生产线），验证用样品信息，验证的主要内容，验证过程中偏差情况（如有 偏差，说明偏差调查情况），验证结论等。 通常，采用终端灭菌工艺的产品至少需开展终端灭菌工艺验证、直接接触药 品的内包材的除热原验证；采用除菌过滤工艺的产品至少需开展无菌工艺模拟验 证、除菌过滤工艺验证、直接接触药品的内包材的灭菌及除热原验证；采用无菌 分装工艺的产品至少需开展无菌工艺模拟验证、直接接触药品的内包材的灭菌及 除热原验证。 【示例】 （1）终端灭菌工艺验证 ××年××月××日至××年××月××日，在××公司××车间××生产线进行了××规格 的终端灭菌工艺验证。 本品采用××灭菌柜（设备编号××）进行过度杀灭/残存概率法终端灭菌，灭 菌条件为××℃/××分钟，验证内容主要包括：空载热分布试验、装载热分布试验、 热穿透试验与微生物挑战试验，每项试验均连续进行三次。空载热分布试验：设 置××个经校验的温度探头，分布位置为××，按拟定灭菌条件运行，结果显示保温 阶段每个探头测得温度的波动范围为××～××，保温阶段不同探头之间测得的温 度差值为××，保温阶段探头测得的温度与设定温度之间的差值为××，升温阶段探 头测得达到设定温度的最短及最长时间分别为××及××，……，冷点为××，热点 为××；装载热分布试验：验证用样品为××（批号××，规格××，批量××，如采用 替代样品，阐述风险评估内容），装载方式为××，设置××个经校验的温度探头， 分布位置为××，按拟定灭菌条件运行，结果显示保温阶段每个探头测得温度的波 动范围为××～××，……；热穿透试验：验证用样品为××（批号××，规格××，批 量××，如采用替代样品，阐述风险评估内容），装载方式为××，设置××个经校验 的温度探头，探头放置方式××，分布位置为××，按拟定灭菌条件运行，结果显示 保温阶段每个探头测得温度的波动范围为××～××，F 的最大值及最小值分别为 0 ××与××，灭菌结束时的最低 F 值为××，……；微生物挑战试验（如适用）：验 0 证用生物指示剂为××（批号××，D 值××，初始芽孢数××，厂家××），共使用生 T 物指示剂××支，放置位置为××（包括灭菌设备的冷点处），结果显示××。 16 温度探头分布示意图如下： …… 参照《化学药品注射剂灭菌和无菌工艺研究及验证指导原则（试行）》等指 导原则，结合产品的灭菌工艺开展灭菌工艺验证。拟定商业生产的装载方式及装 载量需有验证支持；生物指示剂菌种、D 值、初始芽孢数选择应满足验证要求。 T 灭菌工艺验证结果应能支持在设定的灭菌程序下灭菌设备内各个位置的待灭菌 产品能够达到预期的无菌保证水平且对产品的稳定性无影响。 （2）无菌工艺模拟验证 ××年××月××日至××年××月××日，在××公司××车间××生产线，进行了××批无 菌工艺模拟验证（批号××，批量××）。 验证采用××培养基（培养基成分，配制方式，灭菌方式），××规格包材（如 西林瓶、胶塞等）。模拟最差条件包括：最大人数××人（申报工艺××），最慢/ 快分装速度××（申报工艺××），包材灭菌后最长放置××小时（申报工艺××）， 分装工艺最长持续××小时（申报工艺××），生产过程中干预模拟（包括倒瓶、取 样、××、……）等。培养条件××，培养基无菌试验、促生长试验、……结果显示 ××。验证结果显示××。是/否出现污染样品，如有，污染调查及纠正措施：××。 参照《无菌工艺模拟试验指南（无菌制剂）》、《化学药品注射剂灭菌和无 菌工艺研究及验证指导原则（试行）》等指导原则开展无菌工艺模拟验证。关注 模拟验证批量是否符合要求，模拟验证应涵盖实际生产工艺的全部无菌操作过程 及最差条件（包括最长分装时间等），模拟验证所用的容器规格应涵盖或代表产 品实际使用容器规格。 （3）除菌过滤工艺验证 ××公司进行了除菌过滤工艺验证，包括细菌截留试验、化学兼容性试验、可 提取物试验、浸出物试验、吸附试验等。 实际生产工艺使用滤芯信息：生产商为××，型号为××，孔径为××，数量××。 实际生产工艺参数：过滤温度××，过滤压力××，过滤时长××，……。 17 细菌截留试验：生存性实验结果显示，在工艺条件下挑战微生物（名称，代 号等）可在本品药液中存活，采用在工艺条件下直接在本品药液中接种挑战微生 物进行细菌截留试验。采用××张滤膜（厂家××，批号××，材质××，孔径××，……）， 模拟实际生产过滤工艺中的最差条件（过滤温度××，过滤压力××，过滤时长 ××，……）循环过滤药液，在循环过程中将挑战微生物（名称××，代号××，……） 加入到药液中，同时采用 0.45μm 滤膜（厂家××，批号××，材质××，……）作为 阳性对照平行进行试验，……。结果显示××。 化学兼容性试验：采用××支滤器（厂家××，批号××，材质××，孔径××，…… 等）在较实际过滤条件更差的条件下（过滤温度××，过滤压力××，过滤时长 ××，……），与药液进行浸泡/循环/振荡接触，对过滤前后起泡点、滤膜重量/厚 度、拉伸强度、……等进行检测，结果显示××。 可提取物试验：本品处方中溶剂为××，pH 为××，经评估选择××、××、…… 作为提取溶剂，对××支滤器（厂家××，批号××，材质××，孔径××，……）在较 实际过滤条件更差的条件下（过滤温度××，过滤压力××，过滤时长××，……）进 行浸泡/循环/振荡提取，对提取液进行××、……等分析。结果显示××。 浸出物试验：……。 可提取物/浸出物的安全性评价：根据××计算，可提取物/浸出物实际可能的 日最大暴露量为××，是/否低于安全阈值（列出各可提取物/浸出物安全阈值的制 定依据）。 吸附试验：采用××滤器过滤××体积药液，结果显示××。 参照《除菌过滤技术及应用指南》、《化学药品注射剂灭菌和无菌工艺研究 及验证指导原则（试行）》等指导原则开展除菌过滤工艺验证。验证的过滤温度、 过滤压力、过滤时长等应涵盖实际生产的最差条件；细菌截留试验前确认工艺条 件下挑战微生物在药品中的存活情况（生存性试验/活度试验），选择合理的细菌 挑战方法。 （4）直接接触药品的内包材灭菌及除热原验证 ① 内包材灭菌验证 18 ××年××月××日至××年××月××日，在××公司××车间××生产线，采用××设备 （设备编号××）对××进行了灭菌验证。验证参数为××。主要验证内容包括：热分 布试验、热穿透试验、……。撰写格式参见“终端灭菌工艺验证”项下。 ② 内包材除热原验证 ××年××月××日至××年××月××日，在××公司××车间××生产线，采用××设备 （设备编号××）对××进行了除热原验证。验证参数为××。 以西林瓶为例：采用××支细菌内毒素指示剂（批号××，规格××，来源××）， 放置位置为××，结果显示灭菌干燥后细菌内毒素下降××个对数单位。 以胶塞为例：取××个胶塞，在每个胶塞的××位置涂抹细菌内毒素溶液（××EU/ 个胶塞），……，作为挑战胶塞，……。取××个挑战胶塞，随其他胶塞一起清洗 灭菌，结果显示挑战胶塞经清洗灭菌后细菌内毒素下降××个对数单位。 内包材的灭菌验证用工艺参数应与申报工艺一致，验证结果应能支持拟定的 灭菌工艺参数。 内包材除热原验证应采用在最难清洗去除热原的位置加入适当的内毒素指 示剂的方法对除热原效果进行验证，如西林瓶验证时细菌内毒素指示剂应放置在 冷点，胶塞验证时应在最难清洗去除热原的位置涂抹内毒素，验证用工艺参数应 与申报工艺一致，验证合格标准应设定为内毒素下降至少 3 个对数单位。 参照《化学药品注射剂灭菌和无菌工艺研究及验证指导原则（试行）》等指 导原则，结合产品的灭菌工艺开展灭菌工艺验证。拟定商业生产的装载方式及装 载量需有验证支持；生物指示剂菌种、D 值、初始芽孢数选择应满足验证要求。 T 灭菌工艺验证结果应能支持在设定的灭菌程序下灭菌设备内各个位置的待灭菌 产品能够达到预期的无菌保证水平且对产品的稳定性无影响。 （2）无菌工艺模拟验证 ××年××月××日至××年××月××日，在××公司××车间××生产线，进行了××批无 菌工艺模拟验证（批号××，批量××）。 验证采用××培养基（培养基成分，配制方式，灭菌方式），××规格包材（如 西林瓶、胶塞等）。模拟最差条件包括：最大人数××人（申报工艺××），最慢/ 快分装速度××（申报工艺××），包材灭菌后最长放置××小时（申报工艺××）， 分装工艺最长持续××小时（申报工艺××），生产过程中干预模拟（包括倒瓶、取 样、××、……）等。培养条件××，培养基无菌试验、促生长试验、……结果显示 ××。验证结果显示××。是/否出现污染样品，如有，污染调查及纠正措施：××。 参照《无菌工艺模拟试验指南（无菌制剂）》、《化学药品注射剂灭菌和无 菌工艺研究及验证指导原则（试行）》等指导原则开展无菌工艺模拟验证。关注 模拟验证批量是否符合要求，模拟验证应涵盖实际生产工艺的全部无菌操作过程 及最差条件（包括最长分装时间等），模拟验证所用的容器规格应涵盖或代表产 品实际使用容器规格。 （3）除菌过滤工艺验证 ××公司进行了除菌过滤工艺验证，包括细菌截留试验、化学兼容性试验、可 提取物试验、浸出物试验、吸附试验等。 实际生产工艺使用滤芯信息：生产商为××，型号为××，孔径为××，数量××。 实际生产工艺参数：过滤温度××，过滤压力××，过滤时长××，……。 17 细菌截留试验：生存性实验结果显示，在工艺条件下挑战微生物（名称，代 号等）可在本品药液中存活，采用在工艺条件下直接在本品药液中接种挑战微生 物进行细菌截留试验。采用××张滤膜（厂家××，批号××，材质××，孔径××，……）， 模拟实际生产过滤工艺中的最差条件（过滤温度××，过滤压力××，过滤时长 ××，……）循环过滤药液，在循环过程中将挑战微生物（名称××，代号××，……） 加入到药液中，同时采用 0.45μm 滤膜（厂家××，批号××，材质××，……）作为 阳性对照平行进行试验，……。结果显示××。 化学兼容性试验：采用××支滤器（厂家××，批号××，材质××，孔径××，…… 等）在较实际过滤条件更差的条件下（过滤温度××，过滤压力××，过滤时长 ××，……），与药液进行浸泡/循环/振荡接触，对过滤前后起泡点、滤膜重量/厚 度、拉伸强度、……等进行检测，结果显示××。 可提取物试验：本品处方中溶剂为××，pH 为××，经评估选择××、××、…… 作为提取溶剂，对××支滤器（厂家××，批号××，材质××，孔径××，……）在较 实际过滤条件更差的条件下（过滤温度××，过滤压力××，过滤时长××，……）进 行浸泡/循环/振荡提取，对提取液进行××、……等分析。结果显示××。 浸出物试验：……。 可提取物/浸出物的安全性评价：根据××计算，可提取物/浸出物实际可能的 日最大暴露量为××，是/否低于安全阈值（列出各可提取物/浸出物安全阈值的制 定依据）。 吸附试验：采用××滤器过滤××体积药液，结果显示××。 参照《除菌过滤技术及应用指南》、《化学药品注射剂灭菌和无菌工艺研究 及验证指导原则（试行）》等指导原则开展除菌过滤工艺验证。验证的过滤温度、 过滤压力、过滤时长等应涵盖实际生产的最差条件；细菌截留试验前确认工艺条 件下挑战微生物在药品中的存活情况（生存性试验/活度试验），选择合理的细菌 挑战方法。 （4）直接接触药品的内包材灭菌及除热原验证 ① 内包材灭菌验证 18 ××年××月××日至××年××月××日，在××公司××车间××生产线，采用××设备 （设备编号××）对××进行了灭菌验证。验证参数为××。主要验证内容包括：热分 布试验、热穿透试验、……。撰写格式参见“终端灭菌工艺验证”项下。 ② 内包材除热原验证 ××年××月××日至××年××月××日，在××公司××车间××生产线，采用××设备 （设备编号××）对××进行了除热原验证。验证参数为××。 以西林瓶为例：采用××支细菌内毒素指示剂（批号××，规格××，来源××）， 放置位置为××，结果显示灭菌干燥后细菌内毒素下降××个对数单位。 以胶塞为例：取××个胶塞，在每个胶塞的××位置涂抹细菌内毒素溶液（××EU/ 个胶塞），……，作为挑战胶塞，……。取××个挑战胶塞，随其他胶塞一起清洗 灭菌，结果显示挑战胶塞经清洗灭菌后细菌内毒素下降××个对数单位。 内包材的灭菌验证用工艺参数应与申报工艺一致，验证结果应能支持拟定的 灭菌工艺参数。 内包材除热原验证应采用在最难清洗去除热原的位置加入适当的内毒素指 示剂的方法对除热原效果进行验证，如西林瓶验证时细菌内毒素指示剂应放置在 冷点，胶塞验证时应在最难清洗去除热原的位置涂抹内毒素，验证用工艺参数应 与申报工艺一致，验证合格标准应设定为内毒素下降至少 3 个对数单位。 参照《化学药品注射剂灭菌和无菌工艺研究及验证指导原则（试行）》等指 导原则，结合产品的灭菌工艺开展灭菌工艺验证。拟定商业生产的装载方式及装 载量需有验证支持；生物指示剂菌种、D 值、初始芽孢数选择应满足验证要求。 T 灭菌工艺验证结果应能支持在设定的灭菌程序下灭菌设备内各个位置的待灭菌 产品能够达到预期的无菌保证水平且对产品的稳定性无影响。 （2）无菌工艺模拟验证 ××年××月××日至××年××月××日，在××公司××车间××生产线，进行了××批无 菌工艺模拟验证（批号××，批量××）。 验证采用××培养基（培养基成分，配制方式，灭菌方式），××规格包材（如 西林瓶、胶塞等）。模拟最差条件包括：最大人数××人（申报工艺××），最慢/ 快分装速度××（申报工艺××），包材灭菌后最长放置××小时（申报工艺××）， 分装工艺最长持续××小时（申报工艺××），生产过程中干预模拟（包括倒瓶、取 样、××、……）等。培养条件××，培养基无菌试验、促生长试验、……结果显示 ××。验证结果显示××。是/否出现污染样品，如有，污染调查及纠正措施：××。 参照《无菌工艺模拟试验指南（无菌制剂）》、《化学药品注射剂灭菌和无 菌工艺研究及验证指导原则（试行）》等指导原则开展无菌工艺模拟验证。关注 模拟验证批量是否符合要求，模拟验证应涵盖实际生产工艺的全部无菌操作过程 及最差条件（包括最长分装时间等），模拟验证所用的容器规格应涵盖或代表产 品实际使用容器规格。 （3）除菌过滤工艺验证 ××公司进行了除菌过滤工艺验证，包括细菌截留试验、化学兼容性试验、可 提取物试验、浸出物试验、吸附试验等。 实际生产工艺使用滤芯信息：生产商为××，型号为××，孔径为××，数量××。 实际生产工艺参数：过滤温度××，过滤压力××，过滤时长××，……。 17 细菌截留试验：生存性实验结果显示，在工艺条件下挑战微生物（名称，代 号等）可在本品药液中存活，采用在工艺条件下直接在本品药液中接种挑战微生 物进行细菌截留试验。采用××张滤膜（厂家××，批号××，材质××，孔径××，……）， 模拟实际生产过滤工艺中的最差条件（过滤温度××，过滤压力××，过滤时长 ××，……）循环过滤药液，在循环过程中将挑战微生物（名称××，代号××，……） 加入到药液中，同时采用 0.45μm 滤膜（厂家××，批号××，材质××，……）作为 阳性对照平行进行试验，……。结果显示××。 化学兼容性试验：采用××支滤器（厂家××，批号××，材质××，孔径××，…… 等）在较实际过滤条件更差的条件下（过滤温度××，过滤压力××，过滤时长 ××，……），与药液进行浸泡/循环/振荡接触，对过滤前后起泡点、滤膜重量/厚 度、拉伸强度、……等进行检测，结果显示××。 可提取物试验：本品处方中溶剂为××，pH 为××，经评估选择××、××、…… 作为提取溶剂，对××支滤器（厂家××，批号××，材质××，孔径××，……）在较 实际过滤条件更差的条件下（过滤温度××，过滤压力××，过滤时长××，……）进 行浸泡/循环/振荡提取，对提取液进行××、……等分析。结果显示××。 浸出物试验：……。 可提取物/浸出物的安全性评价：根据××计算，可提取物/浸出物实际可能的 日最大暴露量为××，是/否低于安全阈值（列出各可提取物/浸出物安全阈值的制 定依据）。 吸附试验：采用××滤器过滤××体积药液，结果显示××。 参照《除菌过滤技术及应用指南》、《化学药品注射剂灭菌和无菌工艺研究 及验证指导原则（试行）》等指导原则开展除菌过滤工艺验证。验证的过滤温度、 过滤压力、过滤时长等应涵盖实际生产的最差条件；细菌截留试验前确认工艺条 件下挑战微生物在药品中的存活情况（生存性试验/活度试验），选择合理的细菌 挑战方法。 （4）直接接触药品的内包材灭菌及除热原验证 ① 内包材灭菌验证 18 ××年××月××日至××年××月××日，在××公司××车间××生产线，采用××设备 （设备编号××）对××进行了灭菌验证。验证参数为××。主要验证内容包括：热分 布试验、热穿透试验、……。撰写格式参见“终端灭菌工艺验证”项下。 ② 内包材除热原验证 ××年××月××日至××年××月××日，在××公司××车间××生产线，采用××设备 （设备编号××）对××进行了除热原验证。验证参数为××。 以西林瓶为例：采用××支细菌内毒素指示剂（批号××，规格××，来源××）， 放置位置为××，结果显示灭菌干燥后细菌内毒素下降××个对数单位。 以胶塞为例：取××个胶塞，在每个胶塞的××位置涂抹细菌内毒素溶液（××EU/ 个胶塞），……，作为挑战胶塞，……。取××个挑战胶塞，随其他胶塞一起清洗 灭菌，结果显示挑战胶塞经清洗灭菌后细菌内毒素下降××个对数单位。 内包材的灭菌验证用工艺参数应与申报工艺一致，验证结果应能支持拟定的 灭菌工艺参数。 内包材除热原验证应采用在最难清洗去除热原的位置加入适当的内毒素指 示剂的方法对除热原效果进行验证，如西林瓶验证时细菌内毒素指示剂应放置在 冷点，胶塞验证时应在最难清洗去除热原的位置涂抹内毒素，验证用工艺参数应 与申报工艺一致，验证合格标准应设定为内毒素下降至少 3 个对数单位。 参照《除菌过滤技术及应用指南》、《化学药品注射剂灭菌和无菌工艺研究 及验证指导原则（试行）》等指导原则开展除菌过滤工艺验证。验证的过滤温度、 过滤压力、过滤时长等应涵盖实际生产的最差条件；细菌截留试验前确认工艺条 件下挑战微生物在药品中的存活情况（生存性试验/活度试验），选择合理的细菌 挑战方法。 （4）直接接触药品的内包材灭菌及除热原验证 ① 内包材灭菌验证 18 ××年××月××日至××年××月××日，在××公司××车间××生产线，采用××设备 （设备编号××）对××进行了灭菌验证。验证参数为××。主要验证内容包括：热分 布试验、热穿透试验、……。撰写格式参见“终端灭菌工艺验证”项下。 ② 内包材除热原验证 ××年××月××日至××年××月××日，在××公司××车间××生产线，采用××设备 （设备编号××）对××进行了除热原验证。验证参数为××。 以西林瓶为例：采用××支细菌内毒素指示剂（批号××，规格××，来源××）， 放置位置为××，结果显示灭菌干燥后细菌内毒素下降××个对数单位。 以胶塞为例：取××个胶塞，在每个胶塞的××位置涂抹细菌内毒素溶液（××EU/ 个胶塞），……，作为挑战胶塞，……。取××个挑战胶塞，随其他胶塞一起清洗 灭菌，结果显示挑战胶塞经清洗灭菌后细菌内毒素下降××个对数单位。 内包材的灭菌验证用工艺参数应与申报工艺一致，验证结果应能支持拟定的 灭菌工艺参数。 内包材除热原验证应采用在最难清洗去除热原的位置加入适当的内毒素指 示剂的方法对除热原效果进行验证，如西林瓶验证时细菌内毒素指示剂应放置在 冷点，胶塞验证时应在最难清洗去除热原的位置涂抹内毒素，验证用工艺参数应 与申报工艺一致，验证合格标准应设定为内毒素下降至少 3 个对数单位。 内包材的灭菌验证用工艺参数应与申报工艺一致，验证结果应能支持拟定的 灭菌工艺参数。 内包材除热原验证应采用在最难清洗去除热原的位置加入适当的内毒素指 示剂的方法对除热原效果进行验证，如西林瓶验证时细菌内毒素指示剂应放置在 冷点，胶塞验证时应在最难清洗去除热原的位置涂抹内毒素，验证用工艺参数应 与申报工艺一致，验证合格标准应设定为内毒素下降至少 3 个对数单位。,是否生产工艺验证中注意验证关键工艺步骤及工艺参数，证明生产工艺在设定的 参数范围内运行时，能够持续稳定地生产出符合预定质量标准及质量属性的产品。 2、灭菌/无菌工艺验证 15 阐述制剂的灭菌/无菌工艺验证情况，包括验证时间、地点（具体至厂房/车 间、生产线），验证用样品信息，验证的主要内容，验证过程中偏差情况（如有 偏差，说明偏差调查情况），验证结论等。 通常，采用终端灭菌工艺的产品至少需开展终端灭菌工艺验证、直接接触药 品的内包材的除热原验证；采用除菌过滤工艺的产品至少需开展无菌工艺模拟验 证、除菌过滤工艺验证、直接接触药品的内包材的灭菌及除热原验证；采用无菌 分装工艺的产品至少需开展无菌工艺模拟验证、直接接触药品的内包材的灭菌及 除热原验证。 【示例】 （1）终端灭菌工艺验证 ××年××月××日至××年××月××日，在××公司××车间××生产线进行了××规格 的终端灭菌工艺验证。 本品采用××灭菌柜（设备编号××）进行过度杀灭/残存概率法终端灭菌，灭 菌条件为××℃/××分钟，验证内容主要包括：空载热分布试验、装载热分布试验、 热穿透试验与微生物挑战试验，每项试验均连续进行三次。空载热分布试验：设 置××个经校验的温度探头，分布位置为××，按拟定灭菌条件运行，结果显示保温 阶段每个探头测得温度的波动范围为××～××，保温阶段不同探头之间测得的温 度差值为××，保温阶段探头测得的温度与设定温度之间的差值为××，升温阶段探 头测得达到设定温度的最短及最长时间分别为××及××，……，冷点为××，热点 为××；装载热分布试验：验证用样品为××（批号××，规格××，批量××，如采用 替代样品，阐述风险评估内容），装载方式为××，设置××个经校验的温度探头， 分布位置为××，按拟定灭菌条件运行，结果显示保温阶段每个探头测得温度的波 动范围为××～××，……；热穿透试验：验证用样品为××（批号××，规格××，批 量××，如采用替代样品，阐述风险评估内容），装载方式为××，设置××个经校验 的温度探头，探头放置方式××，分布位置为××，按拟定灭菌条件运行，结果显示 保温阶段每个探头测得温度的波动范围为××～××，F 的最大值及最小值分别为 0 ××与××，灭菌结束时的最低 F 值为××，……；微生物挑战试验（如适用）：验 0 证用生物指示剂为××（批号××，D 值××，初始芽孢数××，厂家××），共使用生 T 物指示剂××支，放置位置为××（包括灭菌设备的冷点处），结果显示××。 16 温度探头分布示意图如下： …… 参照《化学药品注射剂灭菌和无菌工艺研究及验证指导原则（试行）》等指 导原则，结合产品的灭菌工艺开展灭菌工艺验证。拟定商业生产的装载方式及装 载量需有验证支持；生物指示剂菌种、D 值、初始芽孢数选择应满足验证要求。 T 灭菌工艺验证结果应能支持在设定的灭菌程序下灭菌设备内各个位置的待灭菌 产品能够达到预期的无菌保证水平且对产品的稳定性无影响。 （2）无菌工艺模拟验证 ××年××月××日至××年××月××日，在××公司××车间××生产线，进行了××批无 菌工艺模拟验证（批号××，批量××）。 验证采用××培养基（培养基成分，配制方式，灭菌方式），××规格包材（如 西林瓶、胶塞等）。模拟最差条件包括：最大人数××人（申报工艺××），最慢/ 快分装速度××（申报工艺××），包材灭菌后最长放置××小时（申报工艺××）， 分装工艺最长持续××小时（申报工艺××），生产过程中干预模拟（包括倒瓶、取 样、××、……）等。培养条件××，培养基无菌试验、促生长试验、……结果显示 ××。验证结果显示××。是/否出现污染样品，如有，污染调查及纠正措施：××。 参照《无菌工艺模拟试验指南（无菌制剂）》、《化学药品注射剂灭菌和无 菌工艺研究及验证指导原则（试行）》等指导原则开展无菌工艺模拟验证。关注 模拟验证批量是否符合要求，模拟验证应涵盖实际生产工艺的全部无菌操作过程 及最差条件（包括最长分装时间等），模拟验证所用的容器规格应涵盖或代表产 品实际使用容器规格。 （3）除菌过滤工艺验证 ××公司进行了除菌过滤工艺验证，包括细菌截留试验、化学兼容性试验、可 提取物试验、浸出物试验、吸附试验等。 实际生产工艺使用滤芯信息：生产商为××，型号为××，孔径为××，数量××。 实际生产工艺参数：过滤温度××，过滤压力××，过滤时长××，……。 17 细菌截留试验：生存性实验结果显示，在工艺条件下挑战微生物（名称，代 号等）可在本品药液中存活，采用在工艺条件下直接在本品药液中接种挑战微生 物进行细菌截留试验。采用××张滤膜（厂家××，批号××，材质××，孔径××，……）， 模拟实际生产过滤工艺中的最差条件（过滤温度××，过滤压力××，过滤时长 ××，……）循环过滤药液，在循环过程中将挑战微生物（名称××，代号××，……） 加入到药液中，同时采用 0.45μm 滤膜（厂家××，批号××，材质××，……）作为 阳性对照平行进行试验，……。结果显示××。 化学兼容性试验：采用××支滤器（厂家××，批号××，材质××，孔径××，…… 等）在较实际过滤条件更差的条件下（过滤温度××，过滤压力××，过滤时长 ××，……），与药液进行浸泡/循环/振荡接触，对过滤前后起泡点、滤膜重量/厚 度、拉伸强度、……等进行检测，结果显示××。 可提取物试验：本品处方中溶剂为××，pH 为××，经评估选择××、××、…… 作为提取溶剂，对××支滤器（厂家××，批号××，材质××，孔径××，……）在较 实际过滤条件更差的条件下（过滤温度××，过滤压力××，过滤时长××，……）进 行浸泡/循环/振荡提取，对提取液进行××、……等分析。结果显示××。 浸出物试验：……。 可提取物/浸出物的安全性评价：根据××计算，可提取物/浸出物实际可能的 日最大暴露量为××，是/否低于安全阈值（列出各可提取物/浸出物安全阈值的制 定依据）。 吸附试验：采用××滤器过滤××体积药液，结果显示××。 参照《除菌过滤技术及应用指南》、《化学药品注射剂灭菌和无菌工艺研究 及验证指导原则（试行）》等指导原则开展除菌过滤工艺验证。验证的过滤温度、 过滤压力、过滤时长等应涵盖实际生产的最差条件；细菌截留试验前确认工艺条 件下挑战微生物在药品中的存活情况（生存性试验/活度试验），选择合理的细菌 挑战方法。 （4）直接接触药品的内包材灭菌及除热原验证 ① 内包材灭菌验证 18 ××年××月××日至××年××月××日，在××公司××车间××生产线，采用××设备 （设备编号××）对××进行了灭菌验证。验证参数为××。主要验证内容包括：热分 布试验、热穿透试验、……。撰写格式参见“终端灭菌工艺验证”项下。 ② 内包材除热原验证 ××年××月××日至××年××月××日，在××公司××车间××生产线，采用××设备 （设备编号××）对××进行了除热原验证。验证参数为××。 以西林瓶为例：采用××支细菌内毒素指示剂（批号××，规格××，来源××）， 放置位置为××，结果显示灭菌干燥后细菌内毒素下降××个对数单位。 以胶塞为例：取××个胶塞，在每个胶塞的××位置涂抹细菌内毒素溶液（××EU/ 个胶塞），……，作为挑战胶塞，……。取××个挑战胶塞，随其他胶塞一起清洗 灭菌，结果显示挑战胶塞经清洗灭菌后细菌内毒素下降××个对数单位。 内包材的灭菌验证用工艺参数应与申报工艺一致，验证结果应能支持拟定的 灭菌工艺参数。 内包材除热原验证应采用在最难清洗去除热原的位置加入适当的内毒素指 示剂的方法对除热原效果进行验证，如西林瓶验证时细菌内毒素指示剂应放置在 冷点，胶塞验证时应在最难清洗去除热原的位置涂抹内毒素，验证用工艺参数应 与申报工艺一致，验证合格标准应设定为内毒素下降至少 3 个对数单位。 参照《化学药品注射剂灭菌和无菌工艺研究及验证指导原则（试行）》等指 导原则，结合产品的灭菌工艺开展灭菌工艺验证。拟定商业生产的装载方式及装 载量需有验证支持；生物指示剂菌种、D 值、初始芽孢数选择应满足验证要求。 T 灭菌工艺验证结果应能支持在设定的灭菌程序下灭菌设备内各个位置的待灭菌 产品能够达到预期的无菌保证水平且对产品的稳定性无影响。 （2）无菌工艺模拟验证 ××年××月××日至××年××月××日，在××公司××车间××生产线，进行了××批无 菌工艺模拟验证（批号××，批量××）。 验证采用××培养基（培养基成分，配制方式，灭菌方式），××规格包材（如 西林瓶、胶塞等）。模拟最差条件包括：最大人数××人（申报工艺××），最慢/ 快分装速度××（申报工艺××），包材灭菌后最长放置××小时（申报工艺××）， 分装工艺最长持续××小时（申报工艺××），生产过程中干预模拟（包括倒瓶、取 样、××、……）等。培养条件××，培养基无菌试验、促生长试验、……结果显示 ××。验证结果显示××。是/否出现污染样品，如有，污染调查及纠正措施：××。 参照《无菌工艺模拟试验指南（无菌制剂）》、《化学药品注射剂灭菌和无 菌工艺研究及验证指导原则（试行）》等指导原则开展无菌工艺模拟验证。关注 模拟验证批量是否符合要求，模拟验证应涵盖实际生产工艺的全部无菌操作过程 及最差条件（包括最长分装时间等），模拟验证所用的容器规格应涵盖或代表产 品实际使用容器规格。 （3）除菌过滤工艺验证 ××公司进行了除菌过滤工艺验证，包括细菌截留试验、化学兼容性试验、可 提取物试验、浸出物试验、吸附试验等。 实际生产工艺使用滤芯信息：生产商为××，型号为××，孔径为××，数量××。 实际生产工艺参数：过滤温度××，过滤压力××，过滤时长××，……。 17 细菌截留试验：生存性实验结果显示，在工艺条件下挑战微生物（名称，代 号等）可在本品药液中存活，采用在工艺条件下直接在本品药液中接种挑战微生 物进行细菌截留试验。采用××张滤膜（厂家××，批号××，材质××，孔径××，……）， 模拟实际生产过滤工艺中的最差条件（过滤温度××，过滤压力××，过滤时长 ××，……）循环过滤药液，在循环过程中将挑战微生物（名称××，代号××，……） 加入到药液中，同时采用 0.45μm 滤膜（厂家××，批号××，材质××，……）作为 阳性对照平行进行试验，……。结果显示××。 化学兼容性试验：采用××支滤器（厂家××，批号××，材质××，孔径××，…… 等）在较实际过滤条件更差的条件下（过滤温度××，过滤压力××，过滤时长 ××，……），与药液进行浸泡/循环/振荡接触，对过滤前后起泡点、滤膜重量/厚 度、拉伸强度、……等进行检测，结果显示××。 可提取物试验：本品处方中溶剂为××，pH 为××，经评估选择××、××、…… 作为提取溶剂，对××支滤器（厂家××，批号××，材质××，孔径××，……）在较 实际过滤条件更差的条件下（过滤温度××，过滤压力××，过滤时长××，……）进 行浸泡/循环/振荡提取，对提取液进行××、……等分析。结果显示××。 浸出物试验：……。 可提取物/浸出物的安全性评价：根据××计算，可提取物/浸出物实际可能的 日最大暴露量为××，是/否低于安全阈值（列出各可提取物/浸出物安全阈值的制 定依据）。 吸附试验：采用××滤器过滤××体积药液，结果显示××。 参照《除菌过滤技术及应用指南》、《化学药品注射剂灭菌和无菌工艺研究 及验证指导原则（试行）》等指导原则开展除菌过滤工艺验证。验证的过滤温度、 过滤压力、过滤时长等应涵盖实际生产的最差条件；细菌截留试验前确认工艺条 件下挑战微生物在药品中的存活情况（生存性试验/活度试验），选择合理的细菌 挑战方法。 （4）直接接触药品的内包材灭菌及除热原验证 ① 内包材灭菌验证 18 ××年××月××日至××年××月××日，在××公司××车间××生产线，采用××设备 （设备编号××）对××进行了灭菌验证。验证参数为××。主要验证内容包括：热分 布试验、热穿透试验、……。撰写格式参见“终端灭菌工艺验证”项下。 ② 内包材除热原验证 ××年××月××日至××年××月××日，在××公司××车间××生产线，采用××设备 （设备编号××）对××进行了除热原验证。验证参数为××。 以西林瓶为例：采用××支细菌内毒素指示剂（批号××，规格××，来源××）， 放置位置为××，结果显示灭菌干燥后细菌内毒素下降××个对数单位。 以胶塞为例：取××个胶塞，在每个胶塞的××位置涂抹细菌内毒素溶液（××EU/ 个胶塞），……，作为挑战胶塞，……。取××个挑战胶塞，随其他胶塞一起清洗 灭菌，结果显示挑战胶塞经清洗灭菌后细菌内毒素下降××个对数单位。 内包材的灭菌验证用工艺参数应与申报工艺一致，验证结果应能支持拟定的 灭菌工艺参数。 内包材除热原验证应采用在最难清洗去除热原的位置加入适当的内毒素指 示剂的方法对除热原效果进行验证，如西林瓶验证时细菌内毒素指示剂应放置在 冷点，胶塞验证时应在最难清洗去除热原的位置涂抹内毒素，验证用工艺参数应 与申报工艺一致，验证合格标准应设定为内毒素下降至少 3 个对数单位。 参照《化学药品注射剂灭菌和无菌工艺研究及验证指导原则（试行）》等指 导原则，结合产品的灭菌工艺开展灭菌工艺验证。拟定商业生产的装载方式及装 载量需有验证支持；生物指示剂菌种、D 值、初始芽孢数选择应满足验证要求。 T 灭菌工艺验证结果应能支持在设定的灭菌程序下灭菌设备内各个位置的待灭菌 产品能够达到预期的无菌保证水平且对产品的稳定性无影响。 （2）无菌工艺模拟验证 ××年××月××日至××年××月××日，在××公司××车间××生产线，进行了××批无 菌工艺模拟验证（批号××，批量××）。 验证采用××培养基（培养基成分，配制方式，灭菌方式），××规格包材（如 西林瓶、胶塞等）。模拟最差条件包括：最大人数××人（申报工艺××），最慢/ 快分装速度××（申报工艺××），包材灭菌后最长放置××小时（申报工艺××）， 分装工艺最长持续××小时（申报工艺××），生产过程中干预模拟（包括倒瓶、取 样、××、……）等。培养条件××，培养基无菌试验、促生长试验、……结果显示 ××。验证结果显示××。是/否出现污染样品，如有，污染调查及纠正措施：××。 参照《无菌工艺模拟试验指南（无菌制剂）》、《化学药品注射剂灭菌和无 菌工艺研究及验证指导原则（试行）》等指导原则开展无菌工艺模拟验证。关注 模拟验证批量是否符合要求，模拟验证应涵盖实际生产工艺的全部无菌操作过程 及最差条件（包括最长分装时间等），模拟验证所用的容器规格应涵盖或代表产 品实际使用容器规格。 （3）除菌过滤工艺验证 ××公司进行了除菌过滤工艺验证，包括细菌截留试验、化学兼容性试验、可 提取物试验、浸出物试验、吸附试验等。 实际生产工艺使用滤芯信息：生产商为××，型号为××，孔径为××，数量××。 实际生产工艺参数：过滤温度××，过滤压力××，过滤时长××，……。 17 细菌截留试验：生存性实验结果显示，在工艺条件下挑战微生物（名称，代 号等）可在本品药液中存活，采用在工艺条件下直接在本品药液中接种挑战微生 物进行细菌截留试验。采用××张滤膜（厂家××，批号××，材质××，孔径××，……）， 模拟实际生产过滤工艺中的最差条件（过滤温度××，过滤压力××，过滤时长 ××，……）循环过滤药液，在循环过程中将挑战微生物（名称××，代号××，……） 加入到药液中，同时采用 0.45μm 滤膜（厂家××，批号××，材质××，……）作为 阳性对照平行进行试验，……。结果显示××。 化学兼容性试验：采用××支滤器（厂家××，批号××，材质××，孔径××，…… 等）在较实际过滤条件更差的条件下（过滤温度××，过滤压力××，过滤时长 ××，……），与药液进行浸泡/循环/振荡接触，对过滤前后起泡点、滤膜重量/厚 度、拉伸强度、……等进行检测，结果显示××。 可提取物试验：本品处方中溶剂为××，pH 为××，经评估选择××、××、…… 作为提取溶剂，对××支滤器（厂家××，批号××，材质××，孔径××，……）在较 实际过滤条件更差的条件下（过滤温度××，过滤压力××，过滤时长××，……）进 行浸泡/循环/振荡提取，对提取液进行××、……等分析。结果显示××。 浸出物试验：……。 可提取物/浸出物的安全性评价：根据××计算，可提取物/浸出物实际可能的 日最大暴露量为××，是/否低于安全阈值（列出各可提取物/浸出物安全阈值的制 定依据）。 吸附试验：采用××滤器过滤××体积药液，结果显示××。 参照《除菌过滤技术及应用指南》、《化学药品注射剂灭菌和无菌工艺研究 及验证指导原则（试行）》等指导原则开展除菌过滤工艺验证。验证的过滤温度、 过滤压力、过滤时长等应涵盖实际生产的最差条件；细菌截留试验前确认工艺条 件下挑战微生物在药品中的存活情况（生存性试验/活度试验），选择合理的细菌 挑战方法。 （4）直接接触药品的内包材灭菌及除热原验证 ① 内包材灭菌验证 18 ××年××月××日至××年××月××日，在××公司××车间××生产线，采用××设备 （设备编号××）对××进行了灭菌验证。验证参数为××。主要验证内容包括：热分 布试验、热穿透试验、……。撰写格式参见“终端灭菌工艺验证”项下。 ② 内包材除热原验证 ××年××月××日至××年××月××日，在××公司××车间××生产线，采用××设备 （设备编号××）对××进行了除热原验证。验证参数为××。 以西林瓶为例：采用××支细菌内毒素指示剂（批号××，规格××，来源××）， 放置位置为××，结果显示灭菌干燥后细菌内毒素下降××个对数单位。 以胶塞为例：取××个胶塞，在每个胶塞的××位置涂抹细菌内毒素溶液（××EU/ 个胶塞），……，作为挑战胶塞，……。取××个挑战胶塞，随其他胶塞一起清洗 灭菌，结果显示挑战胶塞经清洗灭菌后细菌内毒素下降××个对数单位。 内包材的灭菌验证用工艺参数应与申报工艺一致，验证结果应能支持拟定的 灭菌工艺参数。 内包材除热原验证应采用在最难清洗去除热原的位置加入适当的内毒素指 示剂的方法对除热原效果进行验证，如西林瓶验证时细菌内毒素指示剂应放置在 冷点，胶塞验证时应在最难清洗去除热原的位置涂抹内毒素，验证用工艺参数应 与申报工艺一致，验证合格标准应设定为内毒素下降至少 3 个对数单位。 参照《除菌过滤技术及应用指南》、《化学药品注射剂灭菌和无菌工艺研究 及验证指导原则（试行）》等指导原则开展除菌过滤工艺验证。验证的过滤温度、 过滤压力、过滤时长等应涵盖实际生产的最差条件；细菌截留试验前确认工艺条 件下挑战微生物在药品中的存活情况（生存性试验/活度试验），选择合理的细菌 挑战方法。 （4）直接接触药品的内包材灭菌及除热原验证 ① 内包材灭菌验证 18 ××年××月××日至××年××月××日，在××公司××车间××生产线，采用××设备 （设备编号××）对××进行了灭菌验证。验证参数为××。主要验证内容包括：热分 布试验、热穿透试验、……。撰写格式参见“终端灭菌工艺验证”项下。 ② 内包材除热原验证 ××年××月××日至××年××月××日，在××公司××车间××生产线，采用××设备 （设备编号××）对××进行了除热原验证。验证参数为××。 以西林瓶为例：采用××支细菌内毒素指示剂（批号××，规格××，来源××）， 放置位置为××，结果显示灭菌干燥后细菌内毒素下降××个对数单位。 以胶塞为例：取××个胶塞，在每个胶塞的××位置涂抹细菌内毒素溶液（××EU/ 个胶塞），……，作为挑战胶塞，……。取××个挑战胶塞，随其他胶塞一起清洗 灭菌，结果显示挑战胶塞经清洗灭菌后细菌内毒素下降××个对数单位。 内包材的灭菌验证用工艺参数应与申报工艺一致，验证结果应能支持拟定的 灭菌工艺参数。 内包材除热原验证应采用在最难清洗去除热原的位置加入适当的内毒素指 示剂的方法对除热原效果进行验证，如西林瓶验证时细菌内毒素指示剂应放置在 冷点，胶塞验证时应在最难清洗去除热原的位置涂抹内毒素，验证用工艺参数应 与申报工艺一致，验证合格标准应设定为内毒素下降至少 3 个对数单位。 内包材的灭菌验证用工艺参数应与申报工艺一致，验证结果应能支持拟定的 灭菌工艺参数。 内包材除热原验证应采用在最难清洗去除热原的位置加入适当的内毒素指 示剂的方法对除热原效果进行验证，如西林瓶验证时细菌内毒素指示剂应放置在 冷点，胶塞验证时应在最难清洗去除热原的位置涂抹内毒素，验证用工艺参数应 与申报工艺一致，验证合格标准应设定为内毒素下降至少 3 个对数单位？
2.3.P.3.5,工艺验证,table,real_table,"表格列: ['关键工艺步骤', '关键工艺参数', '工艺参数范围', '研究情况和确定依据']",是否提供工艺验证相关的结构化表格，且包含列：‘关键工艺步骤’、‘关键工艺参数’、‘工艺参数范围’、‘研究情况和确定依据’？
2.3.P.3.5,工艺验证,table,real_table,"表格列: ['工序', '工艺参数', '工艺参数范围', '验证结果']",是否提供工艺验证相关的结构化表格，且包含列：‘工序’、‘工艺参数’、‘工艺参数范围’、‘验证结果’？
2.3.P.3.5,工艺验证,table,real_table,"表格列: ['工序', '验证指标', '判断标准', '验证结果']",是否提供工艺验证相关的结构化表格，且包含列：‘工序’、‘验证指标’、‘判断标准’、‘验证结果’？
2.3.P.4,辅料的控制,semantic,focus_point,结合现行版药典标准、制剂的生产和质控要求合理制定辅料的内控标准。 对于用于注射剂的辅料，内控标准中通常应包括细菌内毒素、微生物限度等 检查项；用于口服固体制剂的辅料，必要时结合制剂特性和质控要求在内控标准 中订入粒度等检查项。无菌制剂生产中如使用氮气，明确氮气的来源和内控标准。 对于来源于动物的辅料应有TSE/BSE风险声明。使用牛源性材料的辅料应执 行《关于进一步加强牛源性及其相关药品监督管理的公告》（国药监注[2002]238 号）的规定，关注牛源性材料不得来自已发生疯牛病疫情的国家。,是否结合现行版药典标准、制剂的生产和质控要求合理制定辅料的内控标准。 对于用于注射剂的辅料，内控标准中通常应包括细菌内毒素、微生物限度等 检查项；用于口服固体制剂的辅料，必要时结合制剂特性和质控要求在内控标准 中订入粒度等检查项。无菌制剂生产中如使用氮气，明确氮气的来源和内控标准。 对于来源于动物的辅料应有TSE/BSE风险声明。使用牛源性材料的辅料应执 行《关于进一步加强牛源性及其相关药品监督管理的公告》（国药监注[2002]238 号）的规定，关注牛源性材料不得来自已发生疯牛病疫情的国家？
2.3.P.4,辅料的控制,table,real_table,"表格列: ['名称/型号（如适用）', '生产商', '执行标准', '登记号及登记状态']",是否提供辅料的控制相关的结构化表格，且包含列：‘名称/型号（如适用）’、‘生产商’、‘执行标准’、‘登记号及登记状态’？
2.3.P.5.1,质量标准,semantic,focus_point,质量标准检测项目的设置应全面、合理，限度的拟定应有依据。根据与参比 制剂质量一致的要求，结合制剂处方工艺、原辅料特性、已有药典标准对比情况 等，参考 ICH Q6A 等指导原则，合理制定制剂质量标准检测项目和限度。 根据制剂质量控制需要，合理制定放行标准的检测项目和限度。,是否质量标准检测项目的设置应全面、合理，限度的拟定应有依据。根据与参比 制剂质量一致的要求，结合制剂处方工艺、原辅料特性、已有药典标准对比情况 等，参考 ICH Q6A 等指导原则，合理制定制剂质量标准检测项目和限度。 根据制剂质量控制需要，合理制定放行标准的检测项目和限度？
2.3.P.5.1,质量标准,table,real_table,"表格列: ['检测项目', '方法', '放行标准限度', '拟定注册标准限度']",是否提供质量标准相关的结构化表格，且包含列：‘检测项目’、‘方法’、‘放行标准限度’、‘拟定注册标准限度’？
2.3.P.5.2,分析方法,semantic,focus_point,制剂有关物质研究重点关注降解产物，包括原料药的降解产物、原料药与辅 料和/或内包材的反应产物等。原料药的工艺杂质一般不需在制剂中进行监测，但 需关注工艺杂质是否对降解产物检出产生干扰。在全面分析杂质谱的基础上，结 合相关文献，科学选择有关物质分析方法，对其进行规范的方法学验证和/或确 认，重点关注分析方法的专属性。可加入限度浓度的已知杂质，证明拟定的有关 物质分析方法可以单独分离目标杂质和/或使其与主成分有效分离；也可采用含 适量杂质样品对色谱条件进行比较筛选研究，根据对杂质的检出能力选择适宜的 色谱条件。对于已有药典标准收载的，分析药典标准分析方法的适用性，拟定制 剂产品有关物质分析方法的分离检出能力和杂质控制要求应不低于药典标准。对 于辅料、溶剂和/或复杂基质可能对杂质检测产生影响的分析方法，研究确定合理 的辅料/溶剂峰扣除方法。 关注稳定性考察期间总杂增加量与含量下降量的匹配性，如出现不匹配情况， 关注有关物质与含量测定分析方法的专属性、杂质校正因子等的影响，必要时优 化分析方法。 22 （2）溶出度：简述溶出度方法筛选研究内容，包括筛选依据（如参比制剂 溶出度方法、药典标准方法等），筛选项目及结果（如介质 pH、溶出装置及转 速、表面活性剂用量等），溶出度方法的区分力研究内容等。 【示例】 参考××标准溶出度方法，考察了××、……溶出介质中的溶出行为，结果显示 ××；考察了××rpm、……条件下的溶出行为，结果显示××；……；采用××溶出条 件考察了××处方、……处方制备样品的溶出行为，结果显示，××溶出条件对 ××、……有区分力；采用××溶出条件考察了××工艺参数、……工艺参数制备样品 的溶出行为，结果显示，××溶出条件对××、……有区分力，拟定了本品的溶出度 方法。 本品溶出度方法与现行版国内外药典标准、FDA 溶出度数据库、IF 文件等 收载的溶出度方法对比见下表。 拟定注 ChP USP BP FDA 溶出 IF 溶出度 其他 册标准 （版本号） （版本号） （版本号） 度数据库 文件 溶出度方法 溶出介质 溶出介质体 积 转速 取样时间 样品处理 定量方法 …… 限度 基于制剂产品的溶出特性开发建立溶出度方法。 如采用药典标准、FDA 溶出度数据库或日本 IF 文件等公开途径已公布的溶 出度方法，建议开展方法适用性研究；如不采用上述已公布的溶出度方法，则提 供相应依据；如缺乏可参考的溶出度方法，建议基于药物 pH-溶解度曲线、漏槽 条件等信息，参考相关溶出度技术指导原则并结合制剂产品特性开发溶出度方法。 研究过程关注方法区分力的考察。 （3）××： …… 23 2、研究但未订入质量标准的项目 列出各项目的分析方法。 基于制剂产品的溶出特性开发建立溶出度方法。 如采用药典标准、FDA 溶出度数据库或日本 IF 文件等公开途径已公布的溶 出度方法，建议开展方法适用性研究；如不采用上述已公布的溶出度方法，则提 供相应依据；如缺乏可参考的溶出度方法，建议基于药物 pH-溶解度曲线、漏槽 条件等信息，参考相关溶出度技术指导原则并结合制剂产品特性开发溶出度方法。 研究过程关注方法区分力的考察。 （3）××： …… 23 2、研究但未订入质量标准的项目 列出各项目的分析方法。,是否制剂有关物质研究重点关注降解产物，包括原料药的降解产物、原料药与辅 料和/或内包材的反应产物等。原料药的工艺杂质一般不需在制剂中进行监测，但 需关注工艺杂质是否对降解产物检出产生干扰。在全面分析杂质谱的基础上，结 合相关文献，科学选择有关物质分析方法，对其进行规范的方法学验证和/或确 认，重点关注分析方法的专属性。可加入限度浓度的已知杂质，证明拟定的有关 物质分析方法可以单独分离目标杂质和/或使其与主成分有效分离；也可采用含 适量杂质样品对色谱条件进行比较筛选研究，根据对杂质的检出能力选择适宜的 色谱条件。对于已有药典标准收载的，分析药典标准分析方法的适用性，拟定制 剂产品有关物质分析方法的分离检出能力和杂质控制要求应不低于药典标准。对 于辅料、溶剂和/或复杂基质可能对杂质检测产生影响的分析方法，研究确定合理 的辅料/溶剂峰扣除方法。 关注稳定性考察期间总杂增加量与含量下降量的匹配性，如出现不匹配情况， 关注有关物质与含量测定分析方法的专属性、杂质校正因子等的影响，必要时优 化分析方法。 22 （2）溶出度：简述溶出度方法筛选研究内容，包括筛选依据（如参比制剂 溶出度方法、药典标准方法等），筛选项目及结果（如介质 pH、溶出装置及转 速、表面活性剂用量等），溶出度方法的区分力研究内容等。 【示例】 参考××标准溶出度方法，考察了××、……溶出介质中的溶出行为，结果显示 ××；考察了××rpm、……条件下的溶出行为，结果显示××；……；采用××溶出条 件考察了××处方、……处方制备样品的溶出行为，结果显示，××溶出条件对 ××、……有区分力；采用××溶出条件考察了××工艺参数、……工艺参数制备样品 的溶出行为，结果显示，××溶出条件对××、……有区分力，拟定了本品的溶出度 方法。 本品溶出度方法与现行版国内外药典标准、FDA 溶出度数据库、IF 文件等 收载的溶出度方法对比见下表。 拟定注 ChP USP BP FDA 溶出 IF 溶出度 其他 册标准 （版本号） （版本号） （版本号） 度数据库 文件 溶出度方法 溶出介质 溶出介质体 积 转速 取样时间 样品处理 定量方法 …… 限度 基于制剂产品的溶出特性开发建立溶出度方法。 如采用药典标准、FDA 溶出度数据库或日本 IF 文件等公开途径已公布的溶 出度方法，建议开展方法适用性研究；如不采用上述已公布的溶出度方法，则提 供相应依据；如缺乏可参考的溶出度方法，建议基于药物 pH-溶解度曲线、漏槽 条件等信息，参考相关溶出度技术指导原则并结合制剂产品特性开发溶出度方法。 研究过程关注方法区分力的考察。 （3）××： …… 23 2、研究但未订入质量标准的项目 列出各项目的分析方法。 基于制剂产品的溶出特性开发建立溶出度方法。 如采用药典标准、FDA 溶出度数据库或日本 IF 文件等公开途径已公布的溶 出度方法，建议开展方法适用性研究；如不采用上述已公布的溶出度方法，则提 供相应依据；如缺乏可参考的溶出度方法，建议基于药物 pH-溶解度曲线、漏槽 条件等信息，参考相关溶出度技术指导原则并结合制剂产品特性开发溶出度方法。 研究过程关注方法区分力的考察。 （3）××： …… 23 2、研究但未订入质量标准的项目 列出各项目的分析方法？
2.3.P.5.2,分析方法,table,real_table,"表格列: ['检测项目', '拟定注册标准', 'ChP\n（版本号）', 'USP\n（版本号）', 'BP\n（版本号）', '其他']","是否提供分析方法相关的结构化表格，且包含列：‘检测项目’、‘拟定注册标准’、‘ChP
（版本号）’、‘USP
（版本号）’、‘BP
（版本号）’？"
2.3.P.5.2,分析方法,table,real_table,"表格列: ['有关物质', '拟定注\n册标准', 'ChP\n（版本号）', 'USP\n（版本号）', 'BP\n（版本号）', '其他']","是否提供分析方法相关的结构化表格，且包含列：‘有关物质’、‘拟定注
册标准’、‘ChP
（版本号）’、‘USP
（版本号）’、‘BP
（版本号）’？"
2.3.P.5.2,分析方法,table,real_table,"表格列: ['溶出度', '拟定注\n册标准', 'ChP\n（版本号）', 'USP\n（版本号）', 'BP\n（版本号）', 'FDA溶出\n度数据库', 'IF\n文件', '其他']","是否提供分析方法相关的结构化表格，且包含列：‘溶出度’、‘拟定注
册标准’、‘ChP
（版本号）’、‘USP
（版本号）’、‘BP
（版本号）’？"
2.3.P.5.3,分析方法的验证,semantic,focus_point,参照 ICH Q2 等指导原则和中国药典进行规范的方法学验证，验证结果需满 足制剂质控要求。 有关物质分析方法验证项目需全面。系统适用性研究重点关注主峰与相邻杂 质峰、杂质与杂质峰间的分离度，特别是实际检出且需要控制的杂质；关注辅料、 溶剂对降解产物准确检测的影响；根据杂质分离度验证情况评估系统适用性要求 设定的合理性，关注特定杂质的出峰顺序，特别是保留时间接近而校正因子相差 较大的杂质，应进行充分的耐用性研究，必要时在系统适用性要求中增加相关要 求。对于复方制剂，根据研究结果明确各主成分的降解产物，制定合理的定量方 法。 根据制剂的剂型、生产、贮藏需要等，对强制降解试验研究结果进行评估总 结，关注主峰与相邻杂质峰间分离度、主峰纯度和物料平衡情况。 2、溶出度方法学验证总结 项目 可接受标准 验证结果 专属性 溶剂、辅料（包括胶囊壳）等干扰情况…… 线性和范围 主成分在××％～××％范围内线性关系是/否符合要求 滤膜吸附考察 明确滤膜吸附情况 准确度 回收率结果，n=××，RSD 为×× 精密度 重复性、中间精密度、重现性等 耐用性（包括溶 包括溶出条件和定量方法两部分，注明可以接受的变动 液稳定性） 范围 …… 25 溶出曲线对比研究所用的各溶出方法均需验证，验证时关注辅料（包括胶囊 壳）等是否存在干扰，滤膜是否存在吸附等。 3、××方法学验证总结 …… 溶出曲线对比研究所用的各溶出方法均需验证，验证时关注辅料（包括胶囊 壳）等是否存在干扰，滤膜是否存在吸附等。 3、××方法学验证总结 ……,是否参照 ICH Q2 等指导原则和中国药典进行规范的方法学验证，验证结果需满 足制剂质控要求。 有关物质分析方法验证项目需全面。系统适用性研究重点关注主峰与相邻杂 质峰、杂质与杂质峰间的分离度，特别是实际检出且需要控制的杂质；关注辅料、 溶剂对降解产物准确检测的影响；根据杂质分离度验证情况评估系统适用性要求 设定的合理性，关注特定杂质的出峰顺序，特别是保留时间接近而校正因子相差 较大的杂质，应进行充分的耐用性研究，必要时在系统适用性要求中增加相关要 求。对于复方制剂，根据研究结果明确各主成分的降解产物，制定合理的定量方 法。 根据制剂的剂型、生产、贮藏需要等，对强制降解试验研究结果进行评估总 结，关注主峰与相邻杂质峰间分离度、主峰纯度和物料平衡情况。 2、溶出度方法学验证总结 项目 可接受标准 验证结果 专属性 溶剂、辅料（包括胶囊壳）等干扰情况…… 线性和范围 主成分在××％～××％范围内线性关系是/否符合要求 滤膜吸附考察 明确滤膜吸附情况 准确度 回收率结果，n=××，RSD 为×× 精密度 重复性、中间精密度、重现性等 耐用性（包括溶 包括溶出条件和定量方法两部分，注明可以接受的变动 液稳定性） 范围 …… 25 溶出曲线对比研究所用的各溶出方法均需验证，验证时关注辅料（包括胶囊 壳）等是否存在干扰，滤膜是否存在吸附等。 3、××方法学验证总结 …… 溶出曲线对比研究所用的各溶出方法均需验证，验证时关注辅料（包括胶囊 壳）等是否存在干扰，滤膜是否存在吸附等。 3、××方法学验证总结 ……？
2.3.P.5.3,分析方法的验证,table,real_table,"表格列: ['项目', '可接受标准', '验证结果']",是否提供分析方法的验证相关的结构化表格，且包含列：‘项目’、‘可接受标准’、‘验证结果’？
2.3.P.5.3,分析方法的验证,table,real_table,"表格列: ['降解试验项目', '未破坏', '降解条件1\n（如温度、时间等）', '降解条件2\n（如温度、时间等）', '……']","是否提供分析方法的验证相关的结构化表格，且包含列：‘降解试验项目’、‘未破坏’、‘降解条件1
（如温度、时间等）’、‘降解条件2
（如温度、时间等）’、‘……’？"
2.3.P.5.3,分析方法的验证,table,real_table,"表格列: ['项目', '可接受标准', '验证结果']",是否提供分析方法的验证相关的结构化表格，且包含列：‘项目’、‘可接受标准’、‘验证结果’？
2.3.P.5.4,批分析,semantic,focus_point,溶出曲线对比研究所用的各溶出方法均需验证，验证时关注辅料（包括胶囊 壳）等是否存在干扰，滤膜是否存在吸附等。 3、××方法学验证总结 ……,是否溶出曲线对比研究所用的各溶出方法均需验证，验证时关注辅料（包括胶囊 壳）等是否存在干扰，滤膜是否存在吸附等。 3、××方法学验证总结 ……？
2.3.P.5.5,杂质分析,semantic,focus_point,结合制剂的处方工艺、降解途径及稳定性，药典标准和/或参比制剂公开信息 （如药品监管机构公开信息、专利及文献等）等进行制剂全面的杂质谱分析和研 究，明确杂质的控制策略。 2、致突变杂质 简述参考 ICH M7 开展的制剂中致突变杂质的评估结果。 列表简述评估结果为 1～3 类杂质的杂质名称/代码、杂质结构、来源、致突 变性评估结果、ICH M7 分类、控制策略、限度及依据等。 杂质名称 杂质结 致突变性 ICH M7 限度及依据 来源 控制策略 /代码 构 评估结果 分类 （安全性数据来源） 结合参比制剂信息和相关文献，根据制剂的生产工艺和降解途径，参考 ICH M7 对制剂中杂质的致突变性进行评估和研究，制定合理的控制策略。对于晚期 肿瘤用药，基于适应症与用药人群，可参考 ICH M7 与 S9 制定致突变杂质的控 制策略。 3、亚硝胺杂质 简述亚硝胺杂质的风险评估、分析检测与控制策略等内容。 结合制剂的生产工艺和降解途径，参考《化学药物中亚硝胺类杂质研究技术 指导原则（试行）》、FDA、欧盟等国内外最新发布的相关指导原则，对制剂中 是否存在亚硝胺杂质进行评估和研究，制定合理的控制策略。 4、元素杂质 简述参考 ICH Q3D 开展的元素杂质评估和研究的内容，包括元素杂质的评 估结果、分析方法及方法学验证总结、样品检验结果及控制策略。 27 参考 ICH Q3D 指导原则，通过科学和基于风险的评估和研究确定制剂中元 素杂质的控制策略，包括原料药、辅料、包装系统、生产设备等可能引入的元素 杂质。 对于腹膜透析液、肠外营养类注射剂或参比制剂说明书/标签已标识铝元素 含量的产品，应进行铝元素研究并合理制定控制策略。 5、残留溶剂 列表简述残留溶剂（包括制备工艺中使用的溶剂/试剂等）的名称、来源、控 制策略、限度及依据等。 溶剂名称 来源 控制策略 限度及依据 制剂的处方工艺如使用有机溶剂（如处方中润湿剂为乙醇，或配制包衣材料 时用到有机溶剂等），参照 ICH Q3C 对制剂产品中溶剂残留进行研究和控制。 结合制剂的处方工艺、降解途径及稳定性，药典标准和/或参比制剂公开信息 （如药品监管机构公开信息、专利及文献等）等进行制剂全面的杂质谱分析和研 究，明确杂质的控制策略。 2、致突变杂质 简述参考 ICH M7 开展的制剂中致突变杂质的评估结果。 列表简述评估结果为 1～3 类杂质的杂质名称/代码、杂质结构、来源、致突 变性评估结果、ICH M7 分类、控制策略、限度及依据等。 杂质名称 杂质结 致突变性 ICH M7 限度及依据 来源 控制策略 /代码 构 评估结果 分类 （安全性数据来源） 结合参比制剂信息和相关文献，根据制剂的生产工艺和降解途径，参考 ICH M7 对制剂中杂质的致突变性进行评估和研究，制定合理的控制策略。对于晚期 肿瘤用药，基于适应症与用药人群，可参考 ICH M7 与 S9 制定致突变杂质的控 制策略。 3、亚硝胺杂质 简述亚硝胺杂质的风险评估、分析检测与控制策略等内容。 结合制剂的生产工艺和降解途径，参考《化学药物中亚硝胺类杂质研究技术 指导原则（试行）》、FDA、欧盟等国内外最新发布的相关指导原则，对制剂中 是否存在亚硝胺杂质进行评估和研究，制定合理的控制策略。 4、元素杂质 简述参考 ICH Q3D 开展的元素杂质评估和研究的内容，包括元素杂质的评 估结果、分析方法及方法学验证总结、样品检验结果及控制策略。 27 参考 ICH Q3D 指导原则，通过科学和基于风险的评估和研究确定制剂中元 素杂质的控制策略，包括原料药、辅料、包装系统、生产设备等可能引入的元素 杂质。 对于腹膜透析液、肠外营养类注射剂或参比制剂说明书/标签已标识铝元素 含量的产品，应进行铝元素研究并合理制定控制策略。 5、残留溶剂 列表简述残留溶剂（包括制备工艺中使用的溶剂/试剂等）的名称、来源、控 制策略、限度及依据等。 溶剂名称 来源 控制策略 限度及依据 制剂的处方工艺如使用有机溶剂（如处方中润湿剂为乙醇，或配制包衣材料 时用到有机溶剂等），参照 ICH Q3C 对制剂产品中溶剂残留进行研究和控制。 结合制剂的处方工艺、降解途径及稳定性，药典标准和/或参比制剂公开信息 （如药品监管机构公开信息、专利及文献等）等进行制剂全面的杂质谱分析和研 究，明确杂质的控制策略。 2、致突变杂质 简述参考 ICH M7 开展的制剂中致突变杂质的评估结果。 列表简述评估结果为 1～3 类杂质的杂质名称/代码、杂质结构、来源、致突 变性评估结果、ICH M7 分类、控制策略、限度及依据等。 杂质名称 杂质结 致突变性 ICH M7 限度及依据 来源 控制策略 /代码 构 评估结果 分类 （安全性数据来源） 结合参比制剂信息和相关文献，根据制剂的生产工艺和降解途径，参考 ICH M7 对制剂中杂质的致突变性进行评估和研究，制定合理的控制策略。对于晚期 肿瘤用药，基于适应症与用药人群，可参考 ICH M7 与 S9 制定致突变杂质的控 制策略。 3、亚硝胺杂质 简述亚硝胺杂质的风险评估、分析检测与控制策略等内容。 结合制剂的生产工艺和降解途径，参考《化学药物中亚硝胺类杂质研究技术 指导原则（试行）》、FDA、欧盟等国内外最新发布的相关指导原则，对制剂中 是否存在亚硝胺杂质进行评估和研究，制定合理的控制策略。 4、元素杂质 简述参考 ICH Q3D 开展的元素杂质评估和研究的内容，包括元素杂质的评 估结果、分析方法及方法学验证总结、样品检验结果及控制策略。 27 参考 ICH Q3D 指导原则，通过科学和基于风险的评估和研究确定制剂中元 素杂质的控制策略，包括原料药、辅料、包装系统、生产设备等可能引入的元素 杂质。 对于腹膜透析液、肠外营养类注射剂或参比制剂说明书/标签已标识铝元素 含量的产品，应进行铝元素研究并合理制定控制策略。 5、残留溶剂 列表简述残留溶剂（包括制备工艺中使用的溶剂/试剂等）的名称、来源、控 制策略、限度及依据等。 溶剂名称 来源 控制策略 限度及依据 制剂的处方工艺如使用有机溶剂（如处方中润湿剂为乙醇，或配制包衣材料 时用到有机溶剂等），参照 ICH Q3C 对制剂产品中溶剂残留进行研究和控制。 参考 ICH Q3D 指导原则，通过科学和基于风险的评估和研究确定制剂中元 素杂质的控制策略，包括原料药、辅料、包装系统、生产设备等可能引入的元素 杂质。 对于腹膜透析液、肠外营养类注射剂或参比制剂说明书/标签已标识铝元素 含量的产品，应进行铝元素研究并合理制定控制策略。 5、残留溶剂 列表简述残留溶剂（包括制备工艺中使用的溶剂/试剂等）的名称、来源、控 制策略、限度及依据等。 溶剂名称 来源 控制策略 限度及依据 制剂的处方工艺如使用有机溶剂（如处方中润湿剂为乙醇，或配制包衣材料 时用到有机溶剂等），参照 ICH Q3C 对制剂产品中溶剂残留进行研究和控制。 参考 ICH Q3D 指导原则，通过科学和基于风险的评估和研究确定制剂中元 素杂质的控制策略，包括原料药、辅料、包装系统、生产设备等可能引入的元素 杂质。 对于腹膜透析液、肠外营养类注射剂或参比制剂说明书/标签已标识铝元素 含量的产品，应进行铝元素研究并合理制定控制策略。 5、残留溶剂 列表简述残留溶剂（包括制备工艺中使用的溶剂/试剂等）的名称、来源、控 制策略、限度及依据等。 溶剂名称 来源 控制策略 限度及依据 制剂的处方工艺如使用有机溶剂（如处方中润湿剂为乙醇，或配制包衣材料 时用到有机溶剂等），参照 ICH Q3C 对制剂产品中溶剂残留进行研究和控制。,是否结合制剂的处方工艺、降解途径及稳定性，药典标准和/或参比制剂公开信息 （如药品监管机构公开信息、专利及文献等）等进行制剂全面的杂质谱分析和研 究，明确杂质的控制策略。 2、致突变杂质 简述参考 ICH M7 开展的制剂中致突变杂质的评估结果。 列表简述评估结果为 1～3 类杂质的杂质名称/代码、杂质结构、来源、致突 变性评估结果、ICH M7 分类、控制策略、限度及依据等。 杂质名称 杂质结 致突变性 ICH M7 限度及依据 来源 控制策略 /代码 构 评估结果 分类 （安全性数据来源） 结合参比制剂信息和相关文献，根据制剂的生产工艺和降解途径，参考 ICH M7 对制剂中杂质的致突变性进行评估和研究，制定合理的控制策略。对于晚期 肿瘤用药，基于适应症与用药人群，可参考 ICH M7 与 S9 制定致突变杂质的控 制策略。 3、亚硝胺杂质 简述亚硝胺杂质的风险评估、分析检测与控制策略等内容。 结合制剂的生产工艺和降解途径，参考《化学药物中亚硝胺类杂质研究技术 指导原则（试行）》、FDA、欧盟等国内外最新发布的相关指导原则，对制剂中 是否存在亚硝胺杂质进行评估和研究，制定合理的控制策略。 4、元素杂质 简述参考 ICH Q3D 开展的元素杂质评估和研究的内容，包括元素杂质的评 估结果、分析方法及方法学验证总结、样品检验结果及控制策略。 27 参考 ICH Q3D 指导原则，通过科学和基于风险的评估和研究确定制剂中元 素杂质的控制策略，包括原料药、辅料、包装系统、生产设备等可能引入的元素 杂质。 对于腹膜透析液、肠外营养类注射剂或参比制剂说明书/标签已标识铝元素 含量的产品，应进行铝元素研究并合理制定控制策略。 5、残留溶剂 列表简述残留溶剂（包括制备工艺中使用的溶剂/试剂等）的名称、来源、控 制策略、限度及依据等。 溶剂名称 来源 控制策略 限度及依据 制剂的处方工艺如使用有机溶剂（如处方中润湿剂为乙醇，或配制包衣材料 时用到有机溶剂等），参照 ICH Q3C 对制剂产品中溶剂残留进行研究和控制。 结合制剂的处方工艺、降解途径及稳定性，药典标准和/或参比制剂公开信息 （如药品监管机构公开信息、专利及文献等）等进行制剂全面的杂质谱分析和研 究，明确杂质的控制策略。 2、致突变杂质 简述参考 ICH M7 开展的制剂中致突变杂质的评估结果。 列表简述评估结果为 1～3 类杂质的杂质名称/代码、杂质结构、来源、致突 变性评估结果、ICH M7 分类、控制策略、限度及依据等。 杂质名称 杂质结 致突变性 ICH M7 限度及依据 来源 控制策略 /代码 构 评估结果 分类 （安全性数据来源） 结合参比制剂信息和相关文献，根据制剂的生产工艺和降解途径，参考 ICH M7 对制剂中杂质的致突变性进行评估和研究，制定合理的控制策略。对于晚期 肿瘤用药，基于适应症与用药人群，可参考 ICH M7 与 S9 制定致突变杂质的控 制策略。 3、亚硝胺杂质 简述亚硝胺杂质的风险评估、分析检测与控制策略等内容。 结合制剂的生产工艺和降解途径，参考《化学药物中亚硝胺类杂质研究技术 指导原则（试行）》、FDA、欧盟等国内外最新发布的相关指导原则，对制剂中 是否存在亚硝胺杂质进行评估和研究，制定合理的控制策略。 4、元素杂质 简述参考 ICH Q3D 开展的元素杂质评估和研究的内容，包括元素杂质的评 估结果、分析方法及方法学验证总结、样品检验结果及控制策略。 27 参考 ICH Q3D 指导原则，通过科学和基于风险的评估和研究确定制剂中元 素杂质的控制策略，包括原料药、辅料、包装系统、生产设备等可能引入的元素 杂质。 对于腹膜透析液、肠外营养类注射剂或参比制剂说明书/标签已标识铝元素 含量的产品，应进行铝元素研究并合理制定控制策略。 5、残留溶剂 列表简述残留溶剂（包括制备工艺中使用的溶剂/试剂等）的名称、来源、控 制策略、限度及依据等。 溶剂名称 来源 控制策略 限度及依据 制剂的处方工艺如使用有机溶剂（如处方中润湿剂为乙醇，或配制包衣材料 时用到有机溶剂等），参照 ICH Q3C 对制剂产品中溶剂残留进行研究和控制。 结合制剂的处方工艺、降解途径及稳定性，药典标准和/或参比制剂公开信息 （如药品监管机构公开信息、专利及文献等）等进行制剂全面的杂质谱分析和研 究，明确杂质的控制策略。 2、致突变杂质 简述参考 ICH M7 开展的制剂中致突变杂质的评估结果。 列表简述评估结果为 1～3 类杂质的杂质名称/代码、杂质结构、来源、致突 变性评估结果、ICH M7 分类、控制策略、限度及依据等。 杂质名称 杂质结 致突变性 ICH M7 限度及依据 来源 控制策略 /代码 构 评估结果 分类 （安全性数据来源） 结合参比制剂信息和相关文献，根据制剂的生产工艺和降解途径，参考 ICH M7 对制剂中杂质的致突变性进行评估和研究，制定合理的控制策略。对于晚期 肿瘤用药，基于适应症与用药人群，可参考 ICH M7 与 S9 制定致突变杂质的控 制策略。 3、亚硝胺杂质 简述亚硝胺杂质的风险评估、分析检测与控制策略等内容。 结合制剂的生产工艺和降解途径，参考《化学药物中亚硝胺类杂质研究技术 指导原则（试行）》、FDA、欧盟等国内外最新发布的相关指导原则，对制剂中 是否存在亚硝胺杂质进行评估和研究，制定合理的控制策略。 4、元素杂质 简述参考 ICH Q3D 开展的元素杂质评估和研究的内容，包括元素杂质的评 估结果、分析方法及方法学验证总结、样品检验结果及控制策略。 27 参考 ICH Q3D 指导原则，通过科学和基于风险的评估和研究确定制剂中元 素杂质的控制策略，包括原料药、辅料、包装系统、生产设备等可能引入的元素 杂质。 对于腹膜透析液、肠外营养类注射剂或参比制剂说明书/标签已标识铝元素 含量的产品，应进行铝元素研究并合理制定控制策略。 5、残留溶剂 列表简述残留溶剂（包括制备工艺中使用的溶剂/试剂等）的名称、来源、控 制策略、限度及依据等。 溶剂名称 来源 控制策略 限度及依据 制剂的处方工艺如使用有机溶剂（如处方中润湿剂为乙醇，或配制包衣材料 时用到有机溶剂等），参照 ICH Q3C 对制剂产品中溶剂残留进行研究和控制。 参考 ICH Q3D 指导原则，通过科学和基于风险的评估和研究确定制剂中元 素杂质的控制策略，包括原料药、辅料、包装系统、生产设备等可能引入的元素 杂质。 对于腹膜透析液、肠外营养类注射剂或参比制剂说明书/标签已标识铝元素 含量的产品，应进行铝元素研究并合理制定控制策略。 5、残留溶剂 列表简述残留溶剂（包括制备工艺中使用的溶剂/试剂等）的名称、来源、控 制策略、限度及依据等。 溶剂名称 来源 控制策略 限度及依据 制剂的处方工艺如使用有机溶剂（如处方中润湿剂为乙醇，或配制包衣材料 时用到有机溶剂等），参照 ICH Q3C 对制剂产品中溶剂残留进行研究和控制。 参考 ICH Q3D 指导原则，通过科学和基于风险的评估和研究确定制剂中元 素杂质的控制策略，包括原料药、辅料、包装系统、生产设备等可能引入的元素 杂质。 对于腹膜透析液、肠外营养类注射剂或参比制剂说明书/标签已标识铝元素 含量的产品，应进行铝元素研究并合理制定控制策略。 5、残留溶剂 列表简述残留溶剂（包括制备工艺中使用的溶剂/试剂等）的名称、来源、控 制策略、限度及依据等。 溶剂名称 来源 控制策略 限度及依据 制剂的处方工艺如使用有机溶剂（如处方中润湿剂为乙醇，或配制包衣材料 时用到有机溶剂等），参照 ICH Q3C 对制剂产品中溶剂残留进行研究和控制？
2.3.P.5.5,杂质分析,table,real_table,"表格列: ['项目', '参比制剂', '临床试验/生物\n等效性试验样\n品（如适用）', '验证批和/或注册批样品']","是否提供杂质分析相关的结构化表格，且包含列：‘项目’、‘参比制剂’、‘临床试验/生物
等效性试验样
品（如适用）’、‘验证批和/或注册批样品’？"
2.3.P.5.5,杂质分析,table,real_table,"表格列: ['自研样品中杂\n质名称/代码', '药典标准或参比\n制剂公开信息中\n杂质名称/代码', '杂质结构', '杂质来源', '杂质控制限度', '是/否订入\n质量标准']","是否提供杂质分析相关的结构化表格，且包含列：‘自研样品中杂
质名称/代码’、‘药典标准或参比
制剂公开信息中
杂质名称/代码’、‘杂质结构’、‘杂质来源’、‘杂质控制限度’？"
2.3.P.5.5,杂质分析,table,real_table,"表格列: ['杂质名称\n/代码', '杂质结\n构', '来源', '致突变性\n评估结果', 'ICH M7\n分类', '控制策略', '限度及依据\n（安全性数据来源）']","是否提供杂质分析相关的结构化表格，且包含列：‘杂质名称
/代码’、‘杂质结
构’、‘来源’、‘致突变性
评估结果’、‘ICH M7
分类’？"
2.3.P.5.6,质量标准制定依据,semantic,focus_point,参考 ICH Q3D 指导原则，通过科学和基于风险的评估和研究确定制剂中元 素杂质的控制策略，包括原料药、辅料、包装系统、生产设备等可能引入的元素 杂质。 对于腹膜透析液、肠外营养类注射剂或参比制剂说明书/标签已标识铝元素 含量的产品，应进行铝元素研究并合理制定控制策略。 5、残留溶剂 列表简述残留溶剂（包括制备工艺中使用的溶剂/试剂等）的名称、来源、控 制策略、限度及依据等。 溶剂名称 来源 控制策略 限度及依据 制剂的处方工艺如使用有机溶剂（如处方中润湿剂为乙醇，或配制包衣材料 时用到有机溶剂等），参照 ICH Q3C 对制剂产品中溶剂残留进行研究和控制。,是否参考 ICH Q3D 指导原则，通过科学和基于风险的评估和研究确定制剂中元 素杂质的控制策略，包括原料药、辅料、包装系统、生产设备等可能引入的元素 杂质。 对于腹膜透析液、肠外营养类注射剂或参比制剂说明书/标签已标识铝元素 含量的产品，应进行铝元素研究并合理制定控制策略。 5、残留溶剂 列表简述残留溶剂（包括制备工艺中使用的溶剂/试剂等）的名称、来源、控 制策略、限度及依据等。 溶剂名称 来源 控制策略 限度及依据 制剂的处方工艺如使用有机溶剂（如处方中润湿剂为乙醇，或配制包衣材料 时用到有机溶剂等），参照 ICH Q3C 对制剂产品中溶剂残留进行研究和控制？
2.3.P.5.6,质量标准制定依据,table,real_table,"表格列: ['溶剂名称', '来源', '控制策略', '限度及依据']",是否提供质量标准制定依据相关的结构化表格，且包含列：‘溶剂名称’、‘来源’、‘控制策略’、‘限度及依据’？
2.3.P.8.1,稳定性总结和结论,table,real_table,"表格列: ['对照品名称', '批号', '含量/纯度', '来源', '结构确证项目']",是否提供稳定性总结和结论相关的结构化表格，且包含列：‘对照品名称’、‘批号’、‘含量/纯度’、‘来源’、‘结构确证项目’？
2.3.P.8.1,稳定性总结和结论,table,real_table,"表格列: ['批次类型', '如工艺验证批、注册批、临\n床试验批/生物等效性试\n验批、参比制剂等']","是否提供稳定性总结和结论相关的结构化表格，且包含列：‘批次类型’、‘如工艺验证批、注册批、临
床试验批/生物等效性试
验批、参比制剂等’？"
2.3.P.8.1,稳定性总结和结论,table,real_table,"表格列: ['项目', '放置\n条件', '包装形式', '考察时间\n（已完成的考察时间）', '考察项目', '留样地点']","是否提供稳定性总结和结论相关的结构化表格，且包含列：‘项目’、‘放置
条件’、‘包装形式’、‘考察时间
（已完成的考察时间）’、‘考察项目’？"
2.3.P.8.3,稳定性数据,semantic,focus_point,稳定性考察样品、放置条件应符合稳定性相关指导原则要求；支持注册申报 样品的加速试验和长期试验应在符合 GMP 条件下进行；考察项目应全面；如稳 定性考察用分析方法与质量标准中分析方法不一致，应有依据。对易发生相分离、 黏度减小、沉淀或聚集的制剂，应考虑进行低温或冻融试验。 关注稳定性考察过程中各指标变化趋势并进行分析评估。对于长期试验中超 过鉴定限的未知杂质通常应参考 ICH Q3B 等指导原则进行结构鉴定和必要的安 全性分析。 根据参比制剂公开信息（如贮藏条件等）合理选择自研样品的稳定试验条件， 根据稳定性研究结果合理拟定自研样品的贮藏条件。 2、使用中产品稳定性试验 以多剂量包装开启后稳定性试验为例： 取××批自研样品（规格××，批号××、……）采用拟市售包装，模拟本品的临 床使用方法，在××条件下放置××天，每天开启关闭××次，每次暴露××分钟，连 31 续开启××天，考察指标包括××、……，结果显示××。 使用中产品稳定性试验设计应合理，考察条件应与说明书中相关信息一致， 考察时间和开启次数应不短于说明书中开启后的允许存放时限以及按照最低给 药剂量服用时折算得出药品的最大可能开启次数。 32 使用中产品稳定性试验设计应合理，考察条件应与说明书中相关信息一致， 考察时间和开启次数应不短于说明书中开启后的允许存放时限以及按照最低给 药剂量服用时折算得出药品的最大可能开启次数。 32,是否稳定性考察样品、放置条件应符合稳定性相关指导原则要求；支持注册申报 样品的加速试验和长期试验应在符合 GMP 条件下进行；考察项目应全面；如稳 定性考察用分析方法与质量标准中分析方法不一致，应有依据。对易发生相分离、 黏度减小、沉淀或聚集的制剂，应考虑进行低温或冻融试验。 关注稳定性考察过程中各指标变化趋势并进行分析评估。对于长期试验中超 过鉴定限的未知杂质通常应参考 ICH Q3B 等指导原则进行结构鉴定和必要的安 全性分析。 根据参比制剂公开信息（如贮藏条件等）合理选择自研样品的稳定试验条件， 根据稳定性研究结果合理拟定自研样品的贮藏条件。 2、使用中产品稳定性试验 以多剂量包装开启后稳定性试验为例： 取××批自研样品（规格××，批号××、……）采用拟市售包装，模拟本品的临 床使用方法，在××条件下放置××天，每天开启关闭××次，每次暴露××分钟，连 31 续开启××天，考察指标包括××、……，结果显示××。 使用中产品稳定性试验设计应合理，考察条件应与说明书中相关信息一致， 考察时间和开启次数应不短于说明书中开启后的允许存放时限以及按照最低给 药剂量服用时折算得出药品的最大可能开启次数。 32 使用中产品稳定性试验设计应合理，考察条件应与说明书中相关信息一致， 考察时间和开启次数应不短于说明书中开启后的允许存放时限以及按照最低给 药剂量服用时折算得出药品的最大可能开启次数。 32？
2.3.P.8.3,稳定性数据,table,real_table,"表格列: ['（如适\n用）', '高湿']","是否提供稳定性数据相关的结构化表格，且包含列：‘（如适
用）’、‘高湿’？"
2.3.P.8.3,稳定性数据,table,real_table,"表格列: ['项目', '放置条件', '考察时间', '考察项目']",是否提供稳定性数据相关的结构化表格，且包含列：‘项目’、‘放置条件’、‘考察时间’、‘考察项目’？
2.3.P.8.3,稳定性数据,table,real_table,"表格列: ['项目', '自研样品', '参比制剂公开信息\n（如适用）', '……']","是否提供稳定性数据相关的结构化表格，且包含列：‘项目’、‘自研样品’、‘参比制剂公开信息
（如适用）’、‘……’？"
